Genes	BB1-EtoH-91418	BB2-EtoH-91418	J-EtoH-91418	BB1-PonA-91418	BB2-PonA-91418	J-PonA-91418
ENST00000046794.10	167.513105883077	178.44923508758097	168.090349423631	56.199704077102005	69.9835458993194	87.05326894401259
ENST00000167106.9	253.558089232855	239.957269309258	323.549632127567	100.691136471474	118.505471056181	132.419056985259
ENST00000174618.5	151.03640694375798	179.208593534762	233.188924055904	86.6412104521989	93.31139453242581	85.8271665645195
ENST00000178640.10	45.7686081647752	51.6363744083214	40.8080617097832	12.8790988510025	19.5953928518094	11.034921415438198
ENST00000202556.14	133.644335841144	147.315538753152	228.33082147140598	63.2246670867398	82.11402718853469	87.05326894401259
ENST00000205061.9	401.848379686726	416.887787502477	413.91034019922995	183.81986541885502	204.351954026013	207.21130213433997
ENST00000215730.12	378.964075604339	429.79688110455703	406.137376064033	110.05775381765801	152.09757308785402	109.123111774889
ENST00000215793.13	2195.06244758262	2315.28390545547	3449.25283499358	526.872225722831	645.714850164387	749.1485538703059
ENST00000216127.5	110.76003175875601	97.9572396863744	103.963395308257	33.9539878799158	33.5921020316733	36.7830713847941
ENST00000216146.9	22.8843040823876	20.5026780738923	36.921579642184795	7.024963009637751	9.33113945324258	6.13051189746568
ENST00000216181.10	9832.01240595701	10035.681237946701	17672.805581886798	2834.57257438883	3369.4744565659003	3856.09198350591
ENST00000216268.6	1242.160025592	1273.44411592287	1123.1933175359402	475.355830318821	551.470341686637	410.7442971302
ENST00000218104.6	947.410189010847	1062.3424676064901	1247.56074369909	429.693570756176	448.82780770096804	606.920677849102
ENST00000221494.10	557.4616474469619	598.3744563787831	801.586926442171	268.11942153450804	237.944056057686	204.759097375354
ENST00000221922.11	21.053559755796602	26.577545651341897	38.864820675984	7.024963009637751	12.1304812892154	12.2610237949314
ENST00000221930.6	959.3100271336881	1183.8398191554902	2317.31493280555	469.501694477456	656.912217508278	663.321387305786
ENST00000222345.11	403.67912401331705	492.823632220597	534.39128429478	129.961815678298	192.22147273679698	167.97602599056
ENST00000222374.3	18.307443265910102	24.299470309798302	37.893200159084394	8.195790177910709	5.598683671945549	13.4871261744245
ENST00000223127.8	3410.6766804390504	3847.6692518671202	3743.65385161416	1519.7336644183	1787.8463192412803	1777.8484502650501
ENST00000227520.10	137.305824494326	138.203237386978	407.108996580933	74.9329387694694	60.652406446076796	94.40988322097141
ENST00000233379.9	91.5372163295504	90.3636552145624	52.4675079125784	21.0748890289133	31.7258741410248	24.522047589862698
ENST00000238647.5	432.055661075478	482.19261396006	556.738556183471	174.45324807267102	192.22147273679698	297.942878216832
ENST00000240364.7	78.7220060434133	84.2887876371128	26.2337539562892	14.049926019275501	25.194076523755	9.808819035945081
ENST00000244333.4	27.461164898865103	34.1711301231538	7.77296413519681	4.68330867309183	7.46491156259406	0.0
ENST00000244815.9	140.051940984212	142.759388070065	141.856595467342	52.687222572283105	46.655697266212904	87.05326894401259
ENST00000246841.3	140.051940984212	132.128369809528	42.7513027435824	44.491432394372396	40.1238996489431	17.1654333129039
ENST00000248098.8	139.136568820917	128.33157757362198	123.395805646249	35.1248150481888	41.057013594267396	29.426457107835198
ENST00000248244.5	31.1226535520471	29.6149794400667	33.035097574586395	4.68330867309183	11.197367343891099	9.808819035945081
ENST00000248668.4	57.668446287616796	59.9893173273145	37.893200159084394	11.708271682729599	27.0603044144035	19.617638071890198
ENST00000252674.9	759.7588955352679	892.246175437906	1289.34042592577	375.83552101562003	414.30259172397103	438.94465185854204
ENST00000252699.7	1673.30031450418	1750.3212207526599	2459.1715282728896	563.1678679392929	717.5646239543539	868.08048468114
ENST00000253048.10	1088.3775021583501	1210.4173648068302	1426.3389188086098	506.96816386219103	579.463760046364	394.80496619679
ENST00000253458.12	76.8912617168223	72.13905248221371	72.8715387674701	23.416543365459198	23.3278486331065	34.3308666258078
ENST00000254193.11	885.164881906752	797.326369540256	441.11571467241896	368.810558005982	379.77737574697306	204.759097375354
ENST00000254508.7	9855.81208220269	10878.569114317801	11100.7644055779	3390.71547931849	4238.20353966278	3916.1710001010706
ENST00000255087.10	166.597733719782	151.112330989058	39.8364411928836	35.1248150481888	40.1238996489431	25.748149969355804
ENST00000255198.3	44.8532360014797	38.727280806241005	31.0918565407872	21.0748890289133	12.1304812892154	14.713228553917599
ENST00000255882.11	2888.9145473606104	2900.74926823217	3116.9586182139196	741.133597516783	948.976882394771	939.194422691741
ENST00000256495.4	1717.23817834237	1922.69558826279	3320.99892676284	309.09837242406104	404.971452270728	621.63390640302
ENST00000257548.10	153.782523433645	137.443878939797	92.3039491054621	45.662259562645396	53.18749488348271	38.009173764287205
ENST00000257700.7	850.380739701523	775.3049745720019	812.274752128066	366.46890366943603	371.37935023905504	366.60461146844705
ENST00000258201.9	878.7572767636839	954.5135681067641	1588.59954513085	476.526657487094	544.938544069367	560.3287874283631
ENST00000258787.12	248.06585625308202	329.561566076639	335.209078330362	129.961815678298	112.906787384235	185.141459303463
ENST00000259351.10	85.12961118648191	91.88237210892478	52.4675079125784	37.4664693847347	27.9934183597277	24.522047589862698
ENST00000260327.9	155.613267760236	125.294143784897	93.2755696223617	57.370531245375005	45.7225833208886	49.044095179725396
ENST00000261374.4	2022.05710871977	2226.4389671352696	2302.74062505205	791.47916575252	950.843110285419	846.010641850263
ENST00000261381.7	1168.93025252836	1186.11789449703	2294.96766091686	388.714619866622	464.69074477148104	771.218396701182
ENST00000261609.12	1146.96132060927	1064.62054294804	742.318074911295	293.877619236513	387.242287309567	295.490673457846
ENST00000261772.12	5536.170843611209	5502.31130827495	2908.0602070805103	1463.5339603411999	1595.62484650448	987.012415491974
ENST00000261776.10	537.323459854461	639.379812526568	671.389777177624	265.777767197962	333.12167848076	237.863861621668
ENST00000262426.6	275.527021151947	308.299529555566	334.237457813463	124.107679836934	132.502180236045	137.323466503231
ENST00000262577.6	121.744497718302	164.78078303831998	207.926790616515	46.833086730918296	67.1842040633466	68.6617332516156
ENST00000263579.5	364.318120991611	377.40114824905504	434.31437105412203	155.72001338030302	206.218181916661	142.227876021204
ENST00000264025.8	104.35242661568701	128.33157757362198	361.442832286652	51.5163954040102	76.5153435165892	82.14885942604
ENST00000264027.9	226.096924333989	197.43319626711101	99.10529272375929	91.32451912529079	81.1809132432105	64.9834261131362
ENST00000265022.8	103.437054452392	104.791465711005	74.8147798012693	56.199704077102005	31.7258741410248	42.9135832822597
ENST00000265641.10	1405.0962706586	1393.4227505775	2085.09762926654	487.06410200155096	576.664418210392	815.3580823629351
ENST00000265866.11	231.589157313763	198.192554714292	325.492873161366	85.470383283926	69.0504319539951	144.68008078019
ENST00000267205.7	501.62394548593596	533.0696299212	650.985746322733	250.557014010413	282.73352543325	268.516421108997
ENST00000269321.12	86.04498334977741	100.99467347509899	163.23224683913298	21.0748890289133	31.7258741410248	35.5569690053009
ENST00000271526.9	611.4686050813971	719.8718079277741	903.6070807166291	247.044532505594	337.78724820738097	360.474099570982
ENST00000271638.3	5187.41404939562	5551.66960734173	6317.4766008812	2354.5334353969197	2963.56989034984	2172.6534164618397
ENST00000274376.11	203.21262025160198	195.155120925568	172.948452008129	92.49534629356371	73.7160016806164	80.9227570465469
ENST00000274811.9	599.568766958555	659.88249060046	633.49657701854	155.72001338030302	191.288358791473	180.237049785491
ENST00000279392.8	310.31116335717604	275.647116326774	281.769949900884	118.253543995569	141.83331968928698	127.514647467286
ENST00000281589.4	166.597733719782	145.79682185879	151.572800636338	50.3455682357372	50.3881530475099	56.4007094566842
ENST00000282388.4	2390.95209052786	2579.54064507452	5630.54089543319	682.592239103135	770.7521188378371	1852.64069541413
ENST00000282572.5	73.2297730636403	71.3796940350325	73.8431592843697	29.270679206824003	36.3914438676461	28.2003547283421
ENST00000283148.11	63.160679267389796	40.2459977006034	23.3188924055904	14.049926019275501	10.264253398566801	12.2610237949314
ENST00000287878.9	37.530258695115705	29.6149794400667	34.9783386083856	15.2207531875485	12.1304812892154	9.808819035945081
ENST00000291232.4	69.5682844104583	65.3048264575829	37.893200159084394	21.0748890289133	27.0603044144035	23.295945210369602
ENST00000291900.7	498.87782899605	566.481401597173	482.895396899102	176.794902409217	216.482435315228	225.602837826737
ENST00000294008.4	369.81035397138396	418.406504396839	361.442832286652	166.25745789476002	212.749979533931	169.202128370053
ENST00000294304.12	775.320222311292	750.2461458150219	1072.6690506571601	354.760631986706	401.238996489431	421.77921854563795
ENST00000296292.8	122.659869881598	120.73799310181002	85.50260548716491	64.39549425501271	49.45503910218571	35.5569690053009
ENST00000296327.10	40.2763751850022	38.727280806241005	62.183713081574496	17.5624075240944	13.0635952345396	17.1654333129039
ENST00000297625.8	158.359384250122	180.727310429125	202.097067515117	62.0538399184668	66.2510901180223	62.53122135414989
ENST00000297788.9	1005.07863529846	921.861154877973	468.32108914560797	367.63973083770895	396.57342676280996	280.777444903928
ENST00000298351.5	170.259222372964	147.315538753152	265.252401113591	77.2745931060153	83.047141133859	68.6617332516156
ENST00000298912.9	572.1076020596901	577.1124198577089	391.563068310539	251.727841178686	275.268613870656	205.985199754847
ENST00000300060.7	3575.44366983224	4010.93131801108	7121.978388874069	881.6328577095379	1152.39572247546	1684.6646694235699
ENST00000300093.9	2387.29060187467	2474.74917936352	2854.62107865103	676.73810326177	962.04047762931	741.791939593347
ENST00000301011.9	34.7841422052292	53.15509130268379	85.50260548716491	14.049926019275501	9.33113945324258	19.617638071890198
ENST00000301019.9	1632.10856715588	1874.8560060903699	1647.86839666172	759.86683220915	751.1567259860279	801.87095618851
ENST00000301740.13	2193.23170325603	2050.2678073892303	2732.19689352168	666.200658747313	950.843110285419	1609.87242427449
ENST00000303407.12	487.89336303650396	466.246086569255	553.823694632772	163.915803558214	189.42213090082402	163.07161647258698
ENST00000303460.5	117.167636901825	148.834255647515	174.891693041928	64.39549425501271	61.585520391401	29.426457107835198
ENST00000305798.8	149.205662617167	147.315538753152	288.571293519181	62.0538399184668	98.91007820437142	77.24444990806751
ENST00000305988.5	1045.3550104834699	1047.91465711005	699.566772167713	401.593718717625	384.44294547359397	403.38768285324096
ENST00000308027.7	47.599352491366204	51.6363744083214	45.66616429428121	19.9040618606403	16.7960510158366	20.8437404513833
ENST00000308521.10	54.0069576344347	78.2139200596632	41.779682226682795	8.195790177910709	16.7960510158366	17.1654333129039
ENST00000308595.10	6525.68815213365	7126.57902679553	7547.5481752761	3245.53291045264	3306.02270828385	3525.04434104276
ENST00000311160.14	2369.8985307720604	2474.74917936352	3137.3626490688102	817.2373634545249	1127.2016459517	1206.4847414212402
ENST00000311604.7	28.3765370621606	29.6149794400667	34.006718091486	3.5124815048188798	9.33113945324258	13.4871261744245
ENST00000311915.12	46.68398032807071	56.1925250914085	29.148615506988	16.3915803558214	12.1304812892154	8.58271665645195
ENST00000311956.9	2246.3232887271697	2365.40156296943	2710.8212421498897	517.5056083766481	713.832168173057	744.244144352333
ENST00000312397.10	1079.2237805254	1122.33178493381	1205.7810614724	573.70531245375	532.808062780151	545.615558874445
ENST00000314028.10	162.020872903304	150.352972541877	197.238964930619	45.662259562645396	55.0537227741312	63.757323733643
ENST00000314191.7	644.422002960035	727.465392399586	692.765428549415	296.219273573059	382.576717582946	291.812366319366
ENST00000314393.6	259.965694375923	244.513419992345	334.237457813463	103.03279080802	104.50876187631701	149.584490298162
ENST00000314888.10	6688.62439720025	7084.8143122005595	9357.67719826006	2195.3009405118	3006.4931318347603	3474.7741434835402
ENST00000314940.7	3529.6750616674603	3542.4071561002797	4391.7247363862	1126.3357358785902	1248.50645884386	1322.96446747309
ENST00000315579.10	7560.974068820859	7352.10848560835	7236.62960986823	2743.2480552635398	3239.7716181658197	2770.99137765449
ENST00000315732.3	350.587538542178	329.561566076639	408.08061709783203	112.39940815420401	114.77301527488399	98.08819035945079
ENST00000316519.11	776.235594474587	798.845086434619	701.510013201512	243.532051000775	281.800411487926	403.38768285324096
ENST00000318080.7	638.014397816966	697.85041295952	461.51974552730996	224.79881630840802	299.529576449087	245.220475898627
ENST00000318560.6	400.933007523431	416.128429055296	527.589940676483	201.382272942949	210.883751643282	187.59366406245
ENST00000319190.11	188.566665638874	161.74334924959498	176.834934075727	74.9329387694694	69.9835458993194	100.540395118437
ENST00000319340.7	44.8532360014797	43.2834314893282	67.04181566607251	12.8790988510025	13.0635952345396	19.617638071890198
ENST00000321265.10	3322.80095276268	3164.2466494040505	3809.7240467633396	1024.47377223884	1058.1512139977099	1029.92599877423
ENST00000322038.5	56.7530741243212	66.0641849047641	62.183713081574496	17.5624075240944	25.194076523755	20.8437404513833
ENST00000322217.6	115.33689257523399	119.978634654629	112.70797996035401	44.491432394372396	53.18749488348271	38.009173764287205
ENST00000322357.9	248.98122841637698	256.66315514724397	396.421170895037	112.39940815420401	142.766433634612	115.253623672355
ENST00000323853.10	8933.11694160082	8312.69692129256	9419.86091134163	3064.05469937033	3619.5489939128	3641.52406709461
ENST00000324000.4	25.630420572274105	20.5026780738923	23.3188924055904	1.1708271682729599	3.73245578129703	9.808819035945081
ENST00000324093.8	4626.29091329548	4947.97964183268	3914.65906258849	1399.1384660861902	1459.39021048714	1676.0819527671201
ENST00000324288.13	77.8066338801178	98.7165981335556	8.74458465209641	15.2207531875485	7.46491156259406	3.6783071384794104
ENST00000326495.10	252.64271706955898	230.844967943084	500.384566203294	106.54527231283899	145.565775470584	160.619411713601
ENST00000326765.10	118.08300906512	126.053502232079	42.7513027435824	42.1497780578265	42.9232414849159	26.974252348849
ENST00000327064.8	58.5838184509123	78.2139200596632	71.8999182505705	35.1248150481888	33.5921020316733	22.069842830876397
ENST00000327367.9	1459.10322829303	1451.89335101045	666.531674593126	325.489952779883	352.71707133257	316.334413909229
ENST00000328024.11	99.7755657992099	85.048146084294	114.65122099415301	53.8580497405561	39.1907857036188	34.3308666258078
ENST00000328557.5	552.884786630484	577.1124198577089	1232.98643594559	232.99460648631901	277.134841761305	476.95382562283
ENST00000331483.9	10174.361595029499	10331.8310323474	9233.309772096909	3796.9925067092	4216.74191892032	3518.9138291453005
ENST00000331495.8	223.350807844103	202.74870539737898	431.399509503423	69.07880292810461	80.2477992978862	128.740749846779
ENST00000332598.7	4341.61017051058	4340.49288408772	4568.55967046192	1697.6993939957902	1781.31452162401	1564.50663623324
ENST00000333039.3	645.33737512333	608.246116192138	1863.56815141343	224.79881630840802	237.944056057686	431.588037581584
ENST00000333407.11	154.69789559694	148.074897200333	58.297231013976095	44.491432394372396	64.3848622273738	28.2003547283421
ENST00000333598.7	129.067475024666	100.99467347509899	306.060462823374	64.39549425501271	55.986836719455496	99.3142927389439
ENST00000333676.8	135.475080167735	163.26206614395701	172.948452008129	71.4204572646505	69.0504319539951	62.53122135414989
ENST00000335099.8	36.614886531820204	47.8395821724154	58.297231013976095	11.708271682729599	14.9298231251881	23.295945210369602
ENST00000335312.7	182.15906049580502	209.58293142201	331.322596262764	99.5203093032015	112.906787384235	89.5054737029989
ENST00000335953.9	404.594496176613	382.71665737932295	155.459282703936	80.78707461083421	103.575647930993	66.2095284926293
ENST00000335972.11	26.545792735569602	33.4117716759726	53.439128429478	8.195790177910709	12.1304812892154	19.617638071890198
ENST00000336600.6	116.25226473852899	108.58825794691099	58.297231013976095	18.7332346923673	24.2609625784307	19.617638071890198
ENST00000336615.9	624.283815367534	692.534903829251	1141.65410735703	286.852656226875	334.05479242608396	286.907956801394
ENST00000339157.10	206.874108904784	238.438552414896	215.699754751711	77.2745931060153	81.1809132432105	120.15803319032699
ENST00000339468.8	430.22491674888704	452.57763451999296	141.856595467342	158.061667716849	155.830028869151	61.3051189746568
ENST00000340381.11	274.611648988651	305.262095766841	444.030576223118	124.107679836934	142.766433634612	141.001773641711
ENST00000340913.10	50.3454689812527	49.3582990667778	67.04181566607251	23.416543365459198	31.7258741410248	18.391535692397
ENST00000342456.11	241.658251110013	228.56689260154	137.970113399743	79.6162474425612	97.0438503137228	89.5054737029989
ENST00000342462.5	29.2919092254561	28.8556209928855	38.864820675984	8.195790177910709	12.1304812892154	15.939330933410801
ENST00000342665.4	472.33203626048	510.288876505764	579.085828072162	133.47429718311702	172.62607988498797	125.0624427083
ENST00000343905.5	570.276857733099	703.925280536969	309.94694489097304	247.044532505594	223.014232932498	217.020121170285
ENST00000344293.6	155.613267760236	125.294143784897	222.501098370009	59.7121855819209	70.91665984464359	85.8271665645195
ENST00000345097.8	1768.4990194869101	1680.46024361199	1313.6309388482598	687.275547776227	890.1907038393421	562.780992187349
ENST00000345317.7	1797.79092871237	1820.18219789333	2103.55841908764	923.782635767364	932.180831378934	858.271665645195
ENST00000349394.6	40.2763751850022	36.4492054646974	79.6728823857673	21.0748890289133	18.6622789064852	20.8437404513833
ENST00000350498.8	3342.93914035518	3385.97931598096	3001.3357767028697	1650.86630726487	1800.90991447582	1157.44064624152
ENST00000352410.9	69.5682844104583	74.4171278237573	24.290512922490002	19.9040618606403	22.394734687782197	19.617638071890198
ENST00000356786.10	103.437054452392	86.5668629786564	265.252401113591	49.174741067464296	59.719292500752495	62.53122135414989
ENST00000357304.8	585.838184509123	634.064303396299	626.695233400243	152.207531875485	233.27848633106498	203.53299499586004
ENST00000360066.6	69.5682844104583	97.9572396863744	56.35398998017679	28.099852038551003	33.5921020316733	30.6525594873284
ENST00000360184.10	7733.97940768371	7379.44538970687	8336.50403499858	2574.64894303224	3344.2803800421398	4585.62289930433
ENST00000361227.2	3630.3659996299702	3593.28417206142	3797.09298004364	1003.3988832099301	1010.5624027861699	682.939025377676
ENST00000361428.3	4079.8137318080603	4034.4714298737	3232.58145972497	963.5907594886451	1367.94504384536	990.690722630453
ENST00000361441.5	1129.5692495066498	1312.93075517629	1122.22169701904	369.98138517425497	424.566845122537	285.68185442189997
ENST00000361470.4	37.530258695115705	52.39573285550261	30.1202360238876	12.8790988510025	16.7960510158366	3.6783071384794104
ENST00000361479.10	938.256467377892	816.3103307197861	991.0529272375929	454.280941289908	451.627149536941	415.648706648173
ENST00000361624.2	79455.219146213	86943.5047684583	76829.920753319	31505.788271057	40187.351397225095	23862.4045096954
ENST00000361739.1	24243.6317448814	25291.9518002641	27965.181717404303	11197.7910373626	13329.532708957	9307.34316273239
ENST00000361875.7	456.770709484456	455.61506830871804	568.398002386267	195.528137101584	222.081118987173	226.82894020622996
ENST00000362079.2	129336.594440675	134511.23661678302	116132.942282425	40207.3757856617	50003.7101020363	30247.9457020956
ENST00000369448.4	2074.23332202761	1973.57260422393	4121.61423268811	576.046966790296	549.604113795988	1207.7108438007401
ENST00000369886.8	255.388833559446	281.72198390422403	393.506309344338	97.1786549666556	121.304812892154	104.218702256916
ENST00000370028.7	42.107119511593204	48.598940619596604	22.347271888690802	19.9040618606403	10.264253398566801	6.13051189746568
ENST00000370345.8	344.17993339910896	337.914508995632	167.118728906731	141.670087361028	154.896914923827	89.5054737029989
ENST00000370351.9	75.0605173902313	61.5080342216769	45.66616429428121	23.416543365459198	21.461620742457896	33.104764246314694
ENST00000370355.3	27537.140788418597	27847.1929750288	17404.6383192226	9524.67901390052	10307.1766400518	12079.560642766399
ENST00000371219.2	24.7150484089786	18.9839611795299	45.66616429428121	2.3416543365459197	11.197367343891099	11.034921415438198
ENST00000371316.3	78.7220060434133	73.65776937657608	36.921579642184795	18.7332346923673	28.926532305052	20.8437404513833
ENST00000371835.8	145.544173963985	139.72195428133998	280.798329383985	80.78707461083421	60.652406446076796	102.992599877423
ENST00000371941.4	4707.75903582878	5055.808541332411	3378.3245372599104	2105.14724855478	2127.4997953393104	1834.24915972173
ENST00000371975.9	108.013915268869	117.70055931308501	105.906636342057	37.4664693847347	38.2576717582946	13.4871261744245
ENST00000372271.4	668.221679205718	691.77554538207	599.489858927054	248.215359673867	271.536158089359	231.733349724203
ENST00000372397.6	183.07443265910098	180.727310429125	171.97683149122898	52.687222572283105	51.321266992834204	72.340040390095
ENST00000372409.8	946.494816847551	952.2354927652199	894.862496064532	392.22710137144094	410.570135942674	376.413430504392
ENST00000373016.4	398.186891033544	489.78619843187204	686.935705448018	162.744976389941	222.081118987173	196.176380718902
ENST00000373477.8	3768.58719628759	3776.28955783209	2169.6286142368103	1140.38566189786	1368.87815779069	731.983120557402
ENST00000373656.4	118.08300906512	124.534785337716	48.581025844980005	44.491432394372396	39.1907857036188	39.2352761437803
ENST00000373795.7	2769.9161661321996	2747.35886190157	2542.73089272626	947.1991791328239	1151.46260853013	1016.43887259981
ENST00000374466.4	2527.34254285889	2292.5031520400303	2022.9139161849698	924.953462935637	1003.09749122358	741.791939593347
ENST00000374695.8	361.572004501724	372.844997565968	154.487662187037	168.599112231306	135.301522072017	80.9227570465469
ENST00000375071.4	683.783005981741	684.181960910258	1257.2769488680801	168.599112231306	175.425421720961	186.367561682957
ENST00000375135.4	57.668446287616796	45.5615068308718	37.893200159084394	16.3915803558214	18.6622789064852	6.13051189746568
ENST00000376236.9	105.267798778983	78.97327850684441	105.906636342057	25.7581977020051	38.2576717582946	49.044095179725396
ENST00000376588.4	555.630903120371	557.369100230998	249.706472843197	179.13655674576302	172.62607988498797	72.340040390095
ENST00000376701.5	1138.72297113961	1180.0430269195801	2033.6017418708602	487.06410200155096	574.798190319743	624.086111162006
ENST00000376771.9	243.488995436604	293.871719059123	349.783386083856	86.6412104521989	116.639243165532	121.38413556982
ENST00000376957.7	1517.6870467439498	1643.25167970011	2654.4672521697103	633.417498035671	654.112875672305	705.008868208553
ENST00000378536.5	356.99514368524694	398.663184770128	946.358383460211	201.382272942949	235.144714221713	307.751697252777
ENST00000378555.8	594.991906142078	577.1124198577089	496.49808413569605	231.823779318046	276.20172781598	246.44657827812
ENST00000381348.4	21.053559755796602	25.058828756979498	6.80134361829721	4.68330867309183	3.73245578129703	2.4522047589862703
ENST00000382348.2	400.017635360135	443.46533315381896	328.407734712065	133.47429718311702	133.435294181369	131.192954605765
ENST00000382745.9	37.530258695115705	30.374337887247897	29.148615506988	7.024963009637751	14.9298231251881	9.808819035945081
ENST00000389680.2	2104.4406034163603	1681.21960205917	1554.5928270393601	636.9299795404901	458.158947154211	686.617332516156
ENST00000394660.6	217.85857486433	225.52945881281502	518.845356024387	71.4204572646505	77.4484574619134	223.15063306775102
ENST00000394818.8	228.843040823876	230.844967943084	240.961888191101	80.78707461083421	94.24450847775009	104.218702256916
ENST00000395323.9	75.9758895535268	109.347616394092	53.439128429478	25.7581977020051	40.1238996489431	18.391535692397
ENST00000395734.7	123.575242044893	135.925162045434	126.31066719694799	36.2956422164617	70.91665984464359	71.1139380106018
ENST00000395905.8	222.435435680807	258.941230488788	42.7513027435824	59.7121855819209	61.585520391401	18.391535692397
ENST00000396077.8	173.00533886285	157.18719856650802	96.19043117306049	37.4664693847347	51.321266992834204	57.626811836177396
ENST00000397224.8	140.96731314750798	160.98399080241398	245.819990775599	88.9828647887449	68.1173180086708	87.05326894401259
ENST00000397554.5	154.69789559694	151.871689436239	64.1269541153737	49.174741067464296	68.1173180086708	31.8786618668215
ENST00000398055.7	41.1917473482977	31.133696334429104	16.517548787293197	5.854135841364791	13.0635952345396	8.58271665645195
ENST00000398411.5	65.9067957572763	74.4171278237573	54.41074894637771	22.245716197186198	36.3914438676461	22.069842830876397
ENST00000398475.5	55.83770196102571	58.4706004329521	77.7296413519681	21.0748890289133	25.194076523755	26.974252348849
ENST00000398665.8	1104.85420109767	1242.31041958844	1409.8213700213198	537.409670237288	585.06244371831	560.3287874283631
ENST00000399151.3	2076.9794385175	2079.8827868293	1956.8437210358	802.016610266977	957.3749079026891	966.168675040591
ENST00000401878.8	162.020872903304	182.24602732348703	183.636277694025	46.833086730918296	63.4517482820496	66.2095284926293
ENST00000403638.7	43.022491674888705	22.7807534154359	22.347271888690802	10.5374445144566	8.398025507918321	12.2610237949314
ENST00000404767.8	2245.40791656387	2576.5032112858	3164.568023542	1236.39348969624	1414.6007411115802	1120.65757485673
ENST00000409415.7	133.644335841144	126.81286067926001	62.183713081574496	37.4664693847347	34.5252159769976	44.1396856617529
ENST00000409790.6	259.050322212628	283.24070079858603	344.925283499358	92.49534629356371	139.967091798639	166.749923611066
ENST00000414656.1	33.8687700419337	22.7807534154359	85.50260548716491	14.049926019275501	12.1304812892154	22.069842830876397
ENST00000417456.1	64.0760514306853	72.13905248221371	28.176994990088396	19.9040618606403	28.926532305052	17.1654333129039
ENST00000419735.7	32.9533978786381	28.8556209928855	42.7513027435824	10.5374445144566	12.1304812892154	20.8437404513833
ENST00000423345.5	313.057279847062	357.65782862234397	987.166445169995	132.303470014844	126.903496564099	212.115711652312
ENST00000426559.6	54.0069576344347	38.727280806241005	19.432410337992	8.195790177910709	16.7960510158366	1.2261023794931398
ENST00000430889.3	56.7530741243212	47.8395821724154	33.035097574586395	11.708271682729599	16.7960510158366	15.939330933410801
ENST00000432264.4	43.93786383818421	45.5615068308718	34.9783386083856	17.5624075240944	17.729164961160897	18.391535692397
ENST00000432825.7	1630.2778228292902	1651.6046226191	522.731838091985	525.7013985545581	552.403455631961	384.996147160844
ENST00000433197.4	570.276857733099	574.834344516166	418.768442783728	213.09054462567798	252.873879182874	242.768271139641
ENST00000437048.7	415.57896213615896	381.957298932142	473.17919173010597	115.911889659023	204.351954026013	203.53299499586004
ENST00000442218.3	466.83980328070703	522.438611660663	532.448043260981	234.16543365459202	260.338790745468	243.994373519134
ENST00000443940.6	82.3834946965954	90.3636552145624	36.921579642184795	14.049926019275501	31.7258741410248	14.713228553917599
ENST00000445551.1	64.0760514306853	58.4706004329521	32.063477057686804	12.8790988510025	26.1271904690792	15.939330933410801
ENST00000446489.1	317.63414066354	335.636433654089	116.594462027952	117.08271682729601	149.29823125188102	63.757323733643
ENST00000446840.6	157.444012086827	155.668481672145	19.432410337992	37.4664693847347	33.5921020316733	11.034921415438198
ENST00000450304.1	27.461164898865103	21.2620365210735	8.74458465209641	2.3416543365459197	7.46491156259406	3.6783071384794104
ENST00000450671.1	250.81197274296798	253.62572135852002	163.23224683913298	101.861963639747	134.368408126693	69.8878356311087
ENST00000450673.3	21.053559755796602	15.946527390805098	13.6026872365944	2.3416543365459197	6.53179761726981	4.904409517972541
ENST00000454608.3	162.9362450666	129.09093602080299	71.8999182505705	48.003913899191296	62.51863433672529	44.1396856617529
ENST00000456790.2	93.36796065614142	71.3796940350325	100.07691324065901	37.4664693847347	29.8596462503763	35.5569690053009
ENST00000458626.4	48.514724654661705	62.2673926688581	33.035097574586395	12.8790988510025	24.2609625784307	9.808819035945081
ENST00000464139.5	908.04918598914	943.123191399046	239.018647157302	228.31129781322701	279.001069651953	161.845514093094
ENST00000468472.1	40.2763751850022	42.524073042147	30.1202360238876	17.5624075240944	13.9967091798639	13.4871261744245
ENST00000480798.2	45382.321111864505	47383.2077456595	35017.2034290616	19990.7030710925	20497.714036938	16359.8840495769
ENST00000500893.4	1257.7213523680198	1291.66871865522	1611.91843753644	540.922151742107	594.393583171552	646.155953992882
ENST00000501726.1	5797.967282313721	5928.3113971436	2533.01468755726	2045.4350629728601	1856.8967511952699	1257.98104135996
ENST00000502027.1	464.093686790821	459.411860544624	180.721416143326	98.3494821349285	111.97367343891099	74.7922451490812
ENST00000502156.1	86.96035551307291	92.641730556106	58.297231013976095	26.929024870278	28.926532305052	22.069842830876397
ENST00000511216.6	73.2297730636403	59.229958880133296	39.8364411928836	18.7332346923673	29.8596462503763	25.748149969355804
ENST00000516183.1	161.105500740009	126.053502232079	121.45256461245	42.1497780578265	36.3914438676461	20.8437404513833
ENST00000516330.1	41.1917473482977	38.727280806241005	28.176994990088396	8.195790177910709	12.1304812892154	14.713228553917599
ENST00000520820.2	48.514724654661705	41.0053561477846	37.893200159084394	14.049926019275501	14.9298231251881	23.295945210369602
ENST00000528723.5	11.899838122841599	13.6684520492615	29.148615506988	4.68330867309183	1.86622789064852	3.6783071384794104
ENST00000537616.1	514.439155772073	467.764803463617	144.771457018041	127.620161341752	119.43858500150499	101.76649749793002
ENST00000537720.1	12.815210286137098	18.2246027323487	24.290512922490002	5.854135841364791	4.66556972662129	6.13051189746568
ENST00000539276.7	591.330417488896	598.3744563787831	758.8356236985879	223.627989140135	321.924311136869	310.203902011763
ENST00000550948.1	148.290290453872	145.037463411609	166.147108389832	48.003913899191296	34.5252159769976	62.53122135414989
ENST00000558334.1	128.152102861371	110.86633328845501	44.694543777381604	23.416543365459198	21.461620742457896	17.1654333129039
ENST00000563328.4	255.388833559446	238.438552414896	237.075406123503	80.78707461083421	88.6458248058045	107.897009395396
ENST00000565308.2	2538.3270088184304	2394.25718396231	3498.8054813554604	1248.10176137897	1606.82221384837	998.0473369074119
ENST00000565433.1	237.081390293536	260.45994738315	411.96709916543097	50.3455682357372	62.51863433672529	84.60106418502629
ENST00000570282.1	87.87572767636841	66.0641849047641	29.148615506988	23.416543365459198	22.394734687782197	8.58271665645195
ENST00000577571.5	61.3299349407988	83.52942918993159	147.68631856873898	38.6372965530076	38.2576717582946	36.7830713847941
ENST00000577745.2	21.053559755796602	23.540111862617103	25.2621334393896	9.36661734618367	3.73245578129703	7.35661427695881
ENST00000579991.3	2369.8985307720604	2294.7812273815803	2937.2088225874895	941.3450432914591	1100.1413415373	897.506941788975
ENST00000581067.1	111.67540392205099	80.4919954012068	26.2337539562892	23.416543365459198	28.926532305052	9.808819035945081
ENST00000583400.7	397.271518870249	381.957298932142	77.7296413519681	111.22858098593099	110.107445548262	49.044095179725396
ENST00000583412.1	349.672166378883	381.957298932142	265.252401113591	173.282420904398	161.42871254109698	114.02752129286199
ENST00000592087.1	49.4300968179572	53.15509130268379	30.1202360238876	18.7332346923673	19.5953928518094	6.13051189746568
ENST00000593393.1	51.26084114454821	56.1925250914085	27.2053744731888	14.049926019275501	11.197367343891099	4.904409517972541
ENST00000602355.1	14.645954612728099	24.299470309798302	32.063477057686804	7.024963009637751	10.264253398566801	4.904409517972541
ENST00000606343.1	66.8221679205718	56.1925250914085	31.0918565407872	18.7332346923673	17.729164961160897	18.391535692397
ENST00000607727.1	69.5682844104583	78.2139200596632	10.6878256858956	9.36661734618367	14.9298231251881	7.35661427695881
ENST00000610062.1	31.1226535520471	29.6149794400667	9.71620516899601	7.024963009637751	8.398025507918321	4.904409517972541
ENST00000611551.1	120.829125555007	113.903767077179	118.537703061751	40.9789508895536	50.3881530475099	28.2003547283421
ENST00000612344.1	27.461164898865103	18.9839611795299	98.1336722068597	15.2207531875485	10.264253398566801	8.58271665645195
ENST00000612689.1	140.96731314750798	126.053502232079	100.07691324065901	24.5873705337321	48.5219251568614	38.009173764287205
ENST00000612811.3	101.60631012580099	79.7326369540256	27.2053744731888	32.7831607116428	29.8596462503763	14.713228553917599
ENST00000614654.2	55.83770196102571	42.524073042147	40.8080617097832	9.36661734618367	15.8629370705124	9.808819035945081
ENST00000616907.2	166.597733719782	186.042819559393	82.5877439364661	62.0538399184668	68.1173180086708	52.72240231820479
ENST00000617013.1	184.90517698569198	157.18719856650802	97.1620516899601	39.8081237212806	58.78617855542829	53.9485046976979
ENST00000618132.1	1927.7737759003303	1539.97893088347	830.7355419491589	436.71853376581396	529.075606998854	636.347134956937
ENST00000619168.4	207.789481068079	214.139082105097	256.507816461495	106.54527231283899	104.50876187631701	89.5054737029989
ENST00000619208.6	28.3765370621606	27.336904098523103	23.3188924055904	5.854135841364791	5.598683671945549	1.2261023794931398
ENST00000619449.2	23964.443235076298	18113.7363990603	10570.2596033508	2668.31511649407	3661.53912145239	4142.9999403073
ENST00000619640.3	171.174594536259	152.631047883421	70.9282977336709	53.8580497405561	75.5822295712649	42.9135832822597
ENST00000619918.1	60.4145627775033	54.6738081970461	88.41746703786372	19.9040618606403	12.1304812892154	22.069842830876397
ENST00000620173.4	91.5372163295504	100.23531502791799	10.6878256858956	12.8790988510025	20.528506797133698	1.2261023794931398
ENST00000620791.1	189.482037802169	172.37436751013198	51.4958873956788	31.6123335433699	41.990127539591604	19.617638071890198
ENST00000622933.1	90.6218441662549	89.60429676738121	116.594462027952	36.2956422164617	35.458329922321795	58.8529142156705
ENST00000623196.1	195.889642945238	168.577575274226	38.864820675984	46.833086730918296	35.458329922321795	26.974252348849
ENST00000629952.2	31.1226535520471	48.598940619596604	54.41074894637771	10.5374445144566	20.528506797133698	14.713228553917599
ENST00000634965.2	30.207281388751603	25.058828756979498	55.38236946327729	11.708271682729599	13.0635952345396	11.034921415438198
ENST00000636584.1	197.720387271829	198.95191316147302	246.791611292499	40.9789508895536	60.652406446076796	73.56614276958808
ENST00000641304.1	194.058898618647	180.727310429125	68.0134361829721	59.7121855819209	56.9199506647797	50.2701975592185
ENST00000642113.1	22.8843040823876	25.058828756979498	14.574307753494	2.3416543365459197	3.73245578129703	9.808819035945081
ENST00000649368.1	226.096924333989	202.74870539737898	124.36742616314899	55.0288769088291	55.986836719455496	71.1139380106018
ENST00000651671.1	659.983329736058	621.155209794219	2159.91240906781	394.568755707987	498.282846803154	570.137606464308
ENST00000652567.1	53.091585471139204	49.3582990667778	48.581025844980005	21.0748890289133	27.9934183597277	17.1654333129039
ENST00000652691.1	124.49061420818899	117.70055931308501	251.649713876997	40.9789508895536	51.321266992834204	101.76649749793002
ENST00000654612.1	43.022491674888705	59.9893173273145	148.657939085639	18.7332346923673	21.461620742457896	47.8179928002323
ENST00000655387.1	28.3765370621606	31.133696334429104	18.460789821092398	15.2207531875485	5.598683671945549	4.904409517972541
ENST00000656939.1	100.690937962505	105.550824158186	61.212092564674904	24.5873705337321	29.8596462503763	33.104764246314694
ENST00000662018.1	25.630420572274105	26.577545651341897	8.74458465209641	5.854135841364791	2.7993418359727698	3.6783071384794104
ENST00000662196.1	84.21423902318641	107.069541052549	79.6728823857673	28.099852038551003	27.0603044144035	28.2003547283421
ENST00000666926.1	43.93786383818421	63.02675111603929	43.722923260482	21.0748890289133	14.9298231251881	14.713228553917599
ENST00000667513.1	60.4145627775033	50.117657513958996	13.6026872365944	12.8790988510025	16.7960510158366	11.034921415438198
ENST00000669831.1	73.2297730636403	78.97327850684441	107.849877375856	31.6123335433699	27.0603044144035	39.2352761437803
ENST00000009041.11	106.18317094227801	110.106974841273	93.2755696223617	176.794902409217	169.826738049015	152.036695057149
ENST00000053468.4	4573.19932782434	4415.669370358661	3963.2400884334706	7973.33301593885	6666.1660253965	5922.07449295184
ENST00000054666.11	1942.4197305130604	2061.65818409695	1470.0618420691	3133.13350229844	2984.09839714698	2390.8996400116102
ENST00000056233.4	584.9228123458271	672.0322257553589	635.439818052339	1272.6891319127099	1197.18519185102	850.9150513682359
ENST00000164133.7	75.0605173902313	86.5668629786564	102.02015427445801	232.99460648631901	186.622789064852	217.020121170285
ENST00000193322.8	556.546275283666	520.1605363191201	859.884157456147	1194.2437116384199	1097.34199970133	1535.0801791254098
ENST00000199320.9	194.058898618647	196.67383781993001	224.444339403808	341.881533135704	304.19514617570803	313.882209150243
ENST00000200135.8	1047.18575481006	939.3263991631401	1322.37552350036	1721.11593736125	1690.8024689275599	1754.55250505468
ENST00000205636.4	4074.32149882829	4051.9366741588597	4884.33633845429	7337.573863566629	6548.59366828564	6193.043118819829
ENST00000206423.7	1.8307443265910102	3.0374337887247904	3.8864820675984	33.9539878799158	41.990127539591604	3.6783071384794104
ENST00000211314.5	615.130093734579	678.86645177999	884.174670378637	1360.50116953318	1053.48564427109	1289.85970322678
ENST00000216115.3	95.19870498273241	97.9572396863744	66.0701951491729	221.28633480358897	190.355244846149	110.349214154382
ENST00000218340.4	2568.53429020718	2603.08075693714	2822.5576015933398	5398.68407290661	4700.09494259829	4492.439118462849
ENST00000221114.8	259.965694375923	220.97330812972803	160.317385288434	464.818385804365	351.78395738724504	392.35276143780294
ENST00000221847.6	2.74611648988651	3.0374337887247904	2.9148615506988	30.4415063750969	36.3914438676461	28.2003547283421
ENST00000222553.8	790.8815490873151	714.556298797506	1711.0237302602	2733.88143791736	2505.4109431956304	3963.98899290131
ENST00000223095.5	15.5613267760236	12.9090936020803	30.1202360238876	33.9539878799158	61.585520391401	46.5918904207391
ENST00000223273.7	43.022491674888705	49.3582990667778	68.0134361829721	104.20361797629299	106.374989766965	125.0624427083
ENST00000223324.3	989.5173085224401	959.0697187898511	1118.3352149514399	1826.49038250582	1561.0996305274803	1562.05443147425
ENST00000228434.7	1084.71601350517	1051.7114493459599	1131.9379021880302	1627.44976389941	1364.21258806407	2111.3482974871804
ENST00000229314.10	662.729446225945	696.331696065157	557.710176700371	1097.06505667176	949.9099963400951	998.0473369074119
ENST00000231512.5	1516.77167458065	1629.58322765085	1680.9034942363098	3066.39635370688	2734.9569737454	2772.21748003398
ENST00000231572.8	2089.79464880364	2091.27316353702	2153.11106544952	3962.0791374356895	3515.04023203648	3331.3201650828496
ENST00000233143.6	10086.4858673532	10044.0341808657	9650.134973846842	25370.6539093067	19702.7009555217	17159.302801006397
ENST00000233468.5	7903.32325789338	7787.98023429035	7136.552696627571	13627.257411528999	11227.226990141498	11329.185986516599
ENST00000235290.7	795.458409903793	779.861125255089	640.297920636837	1400.3092932544598	1147.73015274884	947.777139348193
ENST00000238497.10	871.43429945732	871.7434973640139	1164.0013792457198	1670.77036912551	1386.60732275185	1733.70876460329
ENST00000241052.5	6324.30627620864	6393.79812526567	9984.3724316603	13191.7097049314	11928.9286770253	12937.8323084116
ENST00000242057.9	71.39902873704929	72.13905248221371	73.8431592843697	120.595198332115	195.02081457277	159.393309334108
ENST00000242208.5	0.0	0.7593584471811959	1.9432410337992	30.4415063750969	27.9934183597277	19.617638071890198
ENST00000242719.4	1472.8338107424697	1543.0163646721899	1455.4875343156	2331.1168920314603	2205.88136674655	2359.0209781447898
ENST00000244496.6	2260.0538711766	2463.3588026558	3691.1863437015795	4651.69633954846	4534.00066033057	4924.02715604443
ENST00000245046.6	429.30954458559097	457.893143650261	610.177684612949	908.561882579816	739.959358642137	953.907651245659
ENST00000245680.7	1401.43478200542	1321.2836980952802	1461.317257417	2855.6474634177503	2957.9712066778998	2790.60901572638
ENST00000246794.10	9.153721632955039	13.6684520492615	15.5459282703936	35.1248150481888	36.3914438676461	24.522047589862698
ENST00000249075.4	5.49223297977302	5.31550913026838	1.9432410337992	36.2956422164617	36.3914438676461	33.104764246314694
ENST00000250263.8	781.7278274543598	723.6686001636799	775.353172485881	1701.21187550061	1604.0228720123998	1249.3983247035
ENST00000250360.7	1.8307443265910102	1.51871689436239	3.8864820675984	64.39549425501271	68.1173180086708	25.748149969355804
ENST00000253247.9	1962.5579181055602	1934.8453234176898	2396.0161946744197	3460.96510941487	3263.0994667989303	3214.8404390309997
ENST00000254301.14	166.597733719782	172.37436751013198	226.387580437607	319.63581693851796	251.94076523755	329.821540083653
ENST00000254810.8	2335.1143885668303	2398.8133346454	2589.36867753744	4745.3625130103	4341.77918759377	4198.174547384489
ENST00000254816.6	2.74611648988651	3.0374337887247904	0.0	24.5873705337321	24.2609625784307	9.808819035945081
ENST00000256104.5	5.49223297977302	5.31550913026838	0.0	525.7013985545581	395.640312817485	31.8786618668215
ENST00000256544.8	740.536080106063	734.2996184242171	759.807244215488	1218.83108217215	1004.0306051689	1293.53801036526
ENST00000256722.9	68.6529122471628	63.02675111603929	78.7012618688677	229.48212498150002	201.55261219003998	100.540395118437
ENST00000258534.13	362.48737666502	396.385109428585	354.64148866835404	831.2872894738009	759.5547514939461	527.2240231820481
ENST00000259467.9	778.066338801178	741.893202896029	710.254597853608	1234.0518353597	1068.41546739628	1162.3450557594902
ENST00000260227.5	3.6614886531820203	7.593584471811969	1.9432410337992	180.307383914036	150.231345197206	50.2701975592185
ENST00000260356.6	3.6614886531820203	1.51871689436239	23.3188924055904	46.833086730918296	72.78288773529209	74.7922451490812
ENST00000260506.12	34.7841422052292	34.930488570335	49.5526463618796	72.5912844329234	70.91665984464359	83.3749618055332
ENST00000260843.5	0.0	0.0	0.0	99.5203093032015	90.512052696453	56.4007094566842
ENST00000261647.10	1361.15840682041	1338.74894238045	1374.84303141294	2326.43358335837	2153.6269858083897	2232.732433057
ENST00000261811.6	173.00533886285	179.967951981944	141.856595467342	288.023483395148	278.067955706629	219.47232592927102
ENST00000261845.7	4128.32845646272	3991.18799838437	4525.8083677183395	10416.849316124499	9730.51222184136	9396.84863643539
ENST00000261867.5	79.63737820670879	67.5829017991265	64.1269541153737	110.05775381765801	126.903496564099	126.28854508779301
ENST00000262193.7	7502.39025036995	7611.809074544309	6831.46385432109	14699.735097666999	12713.677505043	11704.3733146415
ENST00000262932.5	316.718768500244	350.064244150532	422.654924851326	831.2872894738009	786.6150559083501	659.643080167307
ENST00000262942.10	279.188509805129	316.652472474559	389.61982727673995	553.801250593109	510.413328092369	492.89315655624
ENST00000263238.7	4477.08525067831	4447.5624251402705	5466.3370280771505	8153.640399852879	7517.165943532221	6947.096082208101
ENST00000263339.4	0.0	0.0	0.0	26.929024870278	19.5953928518094	20.8437404513833
ENST00000263635.8	154.69789559694	164.78078303831998	141.856595467342	225.96964347668097	235.144714221713	507.606385110158
ENST00000263856.9	284.680742784902	291.593643717579	300.230739721977	503.455682357372	463.757630826156	403.38768285324096
ENST00000263960.6	475.078152750367	436.631107129188	383.79010417534204	894.51195656054	815.541588213402	631.442725438965
ENST00000264192.8	94.28333281943691	98.7165981335556	161.289005805334	261.09445852487005	158.629370705124	342.082563878585
ENST00000264255.8	380.79481993093	379.679223590598	520.788597058186	992.861438695469	801.5448790335381	996.821234527919
ENST00000264433.11	1041.6935218302801	1132.2034447471601	1262.13505145258	2030.21430978531	2074.31230045583	1379.3651769297799
ENST00000264717.7	0.915372163295504	1.51871689436239	0.9716205168996009	112.39940815420401	152.09757308785402	23.295945210369602
ENST00000264741.10	16.4766989393191	15.946527390805098	48.581025844980005	96.00782779838259	90.512052696453	51.4962999387117
ENST00000264832.8	484.231874383322	539.903855945831	656.8154694241299	1161.4605509267699	1335.28605575901	979.655801215015
ENST00000264982.8	0.915372163295504	0.0	0.0	55.0288769088291	41.057013594267396	18.391535692397
ENST00000265026.8	3.6614886531820203	9.871659813355551	7.77296413519681	32.7831607116428	31.7258741410248	40.4613785232735
ENST00000265138.4	281.01925413172	280.962625457043	448.888678807616	553.801250593109	516.012011764315	1098.58773202585
ENST00000265361.8	9.153721632955039	5.31550913026838	15.5459282703936	543.263806078653	444.162237974347	317.560516288722
ENST00000266712.11	600.484139121851	632.545586501937	556.738556183471	975.299031171375	961.107363683986	1025.0215892562599
ENST00000269081.8	0.0	0.0	0.0	71.4204572646505	51.321266992834204	18.391535692397
ENST00000269187.10	268.204043845583	273.36904098523104	333.265837296563	535.068015900742	481.48679578731696	480.632132761309
ENST00000269195.5	2626.2027364948003	2462.59944420862	2998.42091515217	4607.20490715409	4073.04237134039	3994.64155238863
ENST00000271277.11	59.49919061420779	60.74867577449571	69.9566772167713	96.00782779838259	104.50876187631701	118.931930810834
ENST00000271588.9	1.8307443265910102	4.556150683087179	0.9716205168996009	26.929024870278	29.8596462503763	31.8786618668215
ENST00000272252.10	6.407605143068531	9.112301366174359	3.8864820675984	138.157605856209	118.505471056181	18.391535692397
ENST00000273986.10	218.773947027625	226.288817259997	362.414452803551	504.62650952564496	418.968161450592	469.59721134587096
ENST00000275767.3	9.153721632955039	7.593584471811969	3.8864820675984	30.4415063750969	24.2609625784307	19.617638071890198
ENST00000276914.7	659.983329736058	743.4119197903909	1018.2583017107801	6741.622834915699	6264.92702890707	13848.826376375
ENST00000276925.7	27.461164898865103	29.6149794400667	29.148615506988	49.174741067464296	70.91665984464359	79.69665466705379
ENST00000278174.9	139.136568820917	116.94120086590401	169.06196994053101	319.63581693851796	251.94076523755	290.586263939873
ENST00000278353.10	337.77232825604096	321.967981604827	310.918565407872	518.676435544921	444.162237974347	538.258944597486
ENST00000278505.5	505.28543413911797	517.882460977576	891.947634513834	1176.68130411432	1211.18190103089	1042.18702256916
ENST00000279441.9	7.322977306364031	6.074867577449571	0.0	187.332346923673	183.82344722887902	44.1396856617529
ENST00000279839.8	1110.3464340774499	1144.35317990206	1125.13655856974	2027.87265544876	1760.78601482688	1703.05620511596
ENST00000279873.12	15.5613267760236	14.4278104964427	28.176994990088396	144.011741697574	153.030687033178	137.323466503231
ENST00000280096.5	22.8843040823876	25.8181872041607	8.74458465209641	192.015655596765	142.766433634612	47.8179928002323
ENST00000280097.5	22.8843040823876	27.336904098523103	28.176994990088396	381.68965685698504	292.064664886493	177.78484502650502
ENST00000280612.9	1059.0855929329	1008.42801785663	1707.1372481926	2070.02243350659	1907.2849042427802	6464.01174468781
ENST00000282406.9	0.915372163295504	0.0	0.0	52.687222572283105	53.18749488348271	31.8786618668215
ENST00000282878.6	45.7686081647752	66.82354335194529	126.31066719694799	270.461075871053	266.870588362738	414.42260426867995
ENST00000283351.9	76.8912617168223	75.93584471811971	84.5309849702653	133.47429718311702	118.505471056181	155.715002195628
ENST00000284425.7	0.0	0.0	0.0	57.370531245375005	58.78617855542829	7.35661427695881
ENST00000284669.2	2.74611648988651	8.352942918993161	4.858102584498	93.6661734618367	84.9133690245075	18.391535692397
ENST00000285735.6	14.645954612728099	16.7058858379863	16.517548787293197	55.0288769088291	62.51863433672529	19.617638071890198
ENST00000290541.7	6527.518896460239	6724.1190497894995	7704.950699013841	12893.1487770218	10955.6908320521	11681.077369431101
ENST00000291294.7	0.915372163295504	0.7593584471811959	0.0	36.2956422164617	30.7927601957005	30.6525594873284
ENST00000295050.12	148.290290453872	173.893084404494	220.557857336209	323.14829844333696	254.74010707352198	277.099137765449
ENST00000295087.13	1990.0190830044298	1911.30521155507	2170.60023475371	3595.6102337662605	3317.22007562774	3144.95260339989
ENST00000295304.5	219.68931919092097	203.508063844561	242.9051292249	574.8761396220231	472.155656334075	361.700201950475
ENST00000295633.8	4.576860816477519	6.83422602463077	8.74458465209641	38.6372965530076	22.394734687782197	33.104764246314694
ENST00000296181.9	276.442393315242	299.946586636573	221.52947785310903	628.734189362579	599.059152898174	452.431778032967
ENST00000296351.8	32.038025715342606	40.2459977006034	23.3188924055904	106.54527231283899	93.31139453242581	44.1396856617529
ENST00000296577.9	5098.62294955596	5118.07593400126	5618.881449230389	10043.3554494454	8936.43225437042	8157.259130767829
ENST00000297273.9	380.79481993093	383.476015826504	425.569786402025	666.200658747313	626.119457312577	598.33796119265
ENST00000297770.10	2.74611648988651	3.0374337887247904	8.74458465209641	18.7332346923673	23.3278486331065	23.295945210369602
ENST00000298198.5	236.16601813024	253.62572135852002	262.337539562892	914.416018421181	953.642452121392	961.264265522618
ENST00000298545.4	10.069093796250499	4.556150683087179	5.829723101397611	29.270679206824003	21.461620742457896	13.4871261744245
ENST00000298746.5	1008.7401239516499	954.5135681067641	785.069377654877	1549.0043436251199	1376.34306935328	1432.08757924798
ENST00000299608.7	1577.18623735815	1499.73293318286	1624.5495042561301	2432.97885567121	2280.53048237249	2618.95468259734
ENST00000299977.9	62.245307104094294	47.8395821724154	64.1269541153737	247.044532505594	293.930892777141	94.40988322097141
ENST00000301905.9	281.934626295015	269.572248749325	228.33082147140598	456.62259562645403	369.513122348406	465.918904207391
ENST00000302692.7	492.470223852981	476.87710482979105	684.0208438973191	944.8575247962781	871.5284249328571	857.0455632657021
ENST00000303045.11	2.74611648988651	3.79679223590598	11.6594462027952	138.157605856209	101.70942004034401	73.56614276958808
ENST00000303115.8	1.8307443265910102	4.556150683087179	9.71620516899601	639.271633877035	670.9089266881421	1069.16127491801
ENST00000303142.11	119.91375339171101	96.43852279201201	129.225528747647	180.307383914036	168.893624103691	207.21130213433997
ENST00000304043.10	756.097406882086	754.802296498109	830.7355419491589	1388.6010215717301	1163.5930898193499	1150.08403196456
ENST00000304056.9	732.297730636403	781.379842149451	1060.03798393746	1351.13455218699	1210.24878708556	1472.5489577712601
ENST00000304312.5	4164.94334299454	4095.9794640953705	3955.4671242982704	7175.99971434496	6052.177049373139	5850.96055494124
ENST00000304385.8	617.876210224465	616.599059111132	831.7071624660581	1161.4605509267699	1184.12159661648	1421.05265783254
ENST00000305366.8	0.0	0.0	0.0	127.620161341752	82.11402718853469	160.619411713601
ENST00000305783.13	177.582199679328	182.24602732348703	255.536195944595	327.831607116428	314.45939957427504	353.11748529402297
ENST00000305786.7	2410.17490595706	2303.8935287477498	2054.97739324266	4301.61901623485	3500.1104089112896	3515.2355220068202
ENST00000306602.3	8.23834946965954	15.1871689436239	44.694543777381604	4485.4388816537	3937.7408492683703	1846.5101835166602
ENST00000306621.8	11.899838122841599	6.074867577449571	1.9432410337992	2387.31659610856	2065.91427494791	1362.19974361687
ENST00000307358.7	1.8307443265910102	7.593584471811969	7.77296413519681	25.7581977020051	15.8629370705124	18.391535692397
ENST00000307851.9	10.069093796250499	5.31550913026838	2.9148615506988	129.961815678298	125.970382618775	117.705828431341
ENST00000308942.4	5.49223297977302	0.7593584471811959	6.80134361829721	25.7581977020051	14.9298231251881	13.4871261744245
ENST00000309033.5	332.280095276268	307.540171108385	466.377848111808	746.987733358148	637.3168246564679	676.808513480211
ENST00000309166.8	1010.57086827824	1027.41197903616	964.819173281304	1883.8609137511899	1703.8660641621	1806.04880499339
ENST00000309246.9	58.5838184509123	46.320865278053	75.7864003181689	105.374445144566	95.1776224230743	133.645159364752
ENST00000309539.8	0.915372163295504	1.51871689436239	0.0	90.1536919570178	59.719292500752495	18.391535692397
ENST00000311832.5	655.406468919581	665.197999730728	979.393481034798	1279.71409492234	1113.20493677184	1293.53801036526
ENST00000311922.4	10.984465959546	13.6684520492615	60.2404720477753	107.716099481112	126.903496564099	136.097364123738
ENST00000314011.9	46.68398032807071	44.80214838369061	35.949959125285204	99.5203093032015	81.1809132432105	101.76649749793002
ENST00000315274.7	1796.8755565490699	1743.4869947280301	2782.72116040046	18940.4711011517	16488.1234138796	29737.887112226497
ENST00000315567.13	378.964075604339	372.085639118786	566.454761352467	881.6328577095379	728.761991298246	866.854382301647
ENST00000316149.8	483.316502220026	497.37978290368403	711.2262183705079	1150.9231064123198	900.454957237909	956.3598560046449
ENST00000316660.6	79.63737820670879	74.4171278237573	88.41746703786372	176.794902409217	167.02739621304198	122.610237949314
ENST00000317089.10	2095.28688178341	2097.3480311144604	2625.31863666272	3758.3552101562	3460.9196232076697	3858.5441882648997
ENST00000317702.10	109.84465959546	126.053502232079	164.203867356033	248.215359673867	237.944056057686	252.57709017558602
ENST00000319074.6	201.38187592501097	231.60432639026502	266.224021630491	389.88544703489504	388.17540125489097	345.760871017064
ENST00000319357.6	1315.38979865564	1342.54573461636	3938.9495755109797	5047.43592242472	4578.79012970613	5571.40921241681
ENST00000319942.8	631.606792673898	574.074986068985	689.850566998717	928.4659444404559	903.254299073882	1114.5270629592599
ENST00000321394.12	159.274756413418	149.593614094696	273.996985765687	358.27311349152495	355.51641316854204	322.46492580669496
ENST00000321437.9	3920.5389753946397	3732.24676789558	5580.98824907131	7474.560642254571	6807.99934508579	8733.5272491296
ENST00000321764.4	7.322977306364031	12.9090936020803	30.1202360238876	43.3206052260995	45.7225833208886	106.670907015903
ENST00000322897.11	1122.2462722002902	1120.05370959226	1194.12161526961	1906.10662994838	1725.3276849045499	1851.4145930346301
ENST00000324439.9	156.528639923531	183.005385770668	188.49438027852298	298.560927909604	316.325627464924	253.803192555079
ENST00000324868.13	377.133331277748	439.668540917913	679.1627413128209	802.016610266977	753.956067822001	1002.9517464253801
ENST00000326474.4	438.463266218546	511.048234952945	776.3247930027811	857.045487175806	866.862855206236	1186.86710334935
ENST00000328379.5	421.986567279227	465.486728122073	580.057448589062	805.529091771795	682.106294032033	926.93339889681
ENST00000329366.8	3.6614886531820203	6.074867577449571	1.9432410337992	26.929024870278	34.5252159769976	6.13051189746568
ENST00000329970.8	767.997245004928	775.3049745720019	937.6137988081149	1452.99651582674	1295.1621561100699	1256.7549389804599
ENST00000330029.6	41.1917473482977	28.096262545704302	34.9783386083856	67.9079757598316	65.3179761726981	69.8878356311087
ENST00000330374.6	4686.70547607298	4753.58387935429	6327.1928060502005	8568.113217421509	7952.93015599865	7800.463338335329
ENST00000331244.10	63.160679267389796	55.43316664422729	56.35398998017679	117.08271682729601	84.9133690245075	111.57531653387501
ENST00000332180.9	659.983329736058	609.00547463932	616.007407714347	1009.2530190512899	972.3047310278771	1069.16127491801
ENST00000332345.10	1.8307443265910102	0.0	1.9432410337992	35.1248150481888	19.5953928518094	22.069842830876397
ENST00000333130.3	525.423621731619	520.1605363191201	680.134361829721	1038.5236982581098	863.130399424939	876.663201337592
ENST00000333151.4	3100.36551708187	3091.3482384746503	3566.81891753844	7434.752518533291	5661.202306282271	3876.93572395729
ENST00000333244.6	44.8532360014797	38.727280806241005	33.035097574586395	302.073409414423	416.168819614619	342.082563878585
ENST00000333421.6	298.411325234334	299.18722818939096	424.59816588512604	742.304424685056	604.657836570119	662.0952849262931
ENST00000333437.5	62.245307104094294	74.4171278237573	97.1620516899601	197.86979143813	209.950637697958	177.78484502650502
ENST00000333628.4	32.9533978786381	52.39573285550261	56.35398998017679	120.595198332115	142.766433634612	181.46315216498402
ENST00000333926.6	264.542555192401	268.053531854962	226.387580437607	474.185003150548	336.854134262057	369.056816227434
ENST00000334077.6	10.069093796250499	3.79679223590598	6.80134361829721	77.2745931060153	64.3848622273738	22.069842830876397
ENST00000334082.11	145.544173963985	147.315538753152	199.182205964418	320.806644106791	332.188564535436	316.334413909229
ENST00000334678.8	822.0042026393629	937.048323821597	1374.84303141294	1794.8780489624498	1516.3101611519198	1766.8135288496103
ENST00000335890.3	2.74611648988651	0.7593584471811959	8.74458465209641	17.5624075240944	14.9298231251881	26.974252348849
ENST00000337908.5	21.053559755796602	14.4278104964427	6.80134361829721	199.040618606403	165.16116832239402	69.8878356311087
ENST00000338379.5	1.8307443265910102	5.31550913026838	2.9148615506988	24.5873705337321	15.8629370705124	28.2003547283421
ENST00000339697.5	2375.39076375183	2152.78119775869	2644.75104700071	4425.72669607178	3955.4700142295296	4247.21864256422
ENST00000339766.8	177.582199679328	133.64708670389098	148.657939085639	521.018089881467	468.42320055277804	523.5457160435691
ENST00000339834.10	54.92232979773021	56.951883538589705	115.622841511052	156.890840548576	124.10415472812599	209.663506893326
ENST00000341864.6	470.50129193388904	453.336992967174	777.296413519681	981.153167012739	874.32776676883	1096.13552726686
ENST00000341893.8	539.154204181052	537.625780604287	435.285991571021	794.991647257339	805.2773348148351	842.332334711784
ENST00000342649.9	172.08996669955502	191.35832868966202	219.58623681931	337.198224462612	285.532867269223	308.97779963227003
ENST00000343307.5	283.765370621606	265.775456513419	720.9424235395039	1264.4933417348	1226.11172415608	1126.78808675419
ENST00000349533.10	8.23834946965954	9.112301366174359	8.74458465209641	22.245716197186198	28.926532305052	42.9135832822597
ENST00000354480.2	244.4043675999	216.417157446641	223.47271888690798	544.434633246926	544.938544069367	421.77921854563795
ENST00000355619.10	1734.63024944498	1670.58858379863	2475.68907706018	3105.0336502598902	2984.09839714698	3125.3349653279997
ENST00000356454.5	36.614886531820204	34.930488570335	51.4958873956788	80.78707461083421	87.71271086048029	87.05326894401259
ENST00000356692.10	3656.9117923655394	3447.48735020263	3912.71582155469	6512.1407099342005	5671.46655968084	5964.9880762341
ENST00000356736.5	9.153721632955039	7.593584471811969	1.9432410337992	69.07880292810461	61.585520391401	12.2610237949314
ENST00000357430.8	312.141907683767	353.101677939256	469.29270966250704	743.475251853329	655.979103562953	839.880129952798
ENST00000357749.7	540.069576344347	544.460006628918	657.78708994103	913.2451912529081	876.193994659478	994.3690297689329
ENST00000358671.9	4.576860816477519	0.7593584471811959	2.9148615506988	86.6412104521989	58.78617855542829	45.365788041246006
ENST00000358747.10	21.053559755796602	25.8181872041607	16.517548787293197	48.003913899191296	57.853064610104	34.3308666258078
ENST00000359172.3	5.49223297977302	3.79679223590598	0.9716205168996009	40.9789508895536	49.45503910218571	29.426457107835198
ENST00000360314.7	2.74611648988651	3.0374337887247904	3.8864820675984	19.9040618606403	11.197367343891099	30.6525594873284
ENST00000360803.9	5807.12100394668	5711.13488124978	5607.2220030276	9805.677534286031	8903.77326628407	7641.070029001221
ENST00000361131.5	189.482037802169	178.44923508758097	226.387580437607	389.88544703489504	402.17211043475504	248.89878303710603
ENST00000361203.7	38.4456308584112	36.4492054646974	48.581025844980005	74.9329387694694	89.57893875112879	105.44480463640998
ENST00000361575.4	2926.44480605573	3132.3535946224397	2757.45902696107	5528.64588858491	3780.0445925085705	4920.34884890595
ENST00000361681.2	816.51196965959	601.411890167508	539.249386879279	2160.1761254636103	1806.50859814776	1412.46994117609
ENST00000362003.9	304.818930377403	307.540171108385	319.663150059969	524.530571386285	533.741176725476	476.95382562283
ENST00000362032.6	1434.38817988405	1513.40138523212	2846.8481145158303	5419.758961935529	4881.119047991189	4206.75726404095
ENST00000362704.1	52.1762133078437	45.5615068308718	51.4958873956788	113.570235322477	75.5822295712649	79.69665466705379
ENST00000362874.1	83.29886685989091	80.4919954012068	96.19043117306049	144.011741697574	152.09757308785402	134.871261744245
ENST00000363389.1	410.086729156386	304.50273731966	269.138883181189	694.3005107858651	553.336569577285	405.83988761222804
ENST00000364805.1	147.374918290576	157.18719856650802	177.80655459262698	343.052360303977	326.58988086349	219.47232592927102
ENST00000365493.1	63.160679267389796	70.6203355878513	79.6728823857673	118.253543995569	105.441875821641	134.871261744245
ENST00000366553.2	516.269900098664	493.582990667778	453.74678139211403	878.1203762047189	854.7323739170199	566.459299325828
ENST00000366654.5	133.644335841144	118.45991776026699	204.04030854891602	284.511001890329	238.87717000301004	245.220475898627
ENST00000366695.3	344.17993339910896	433.59367334046306	445.00219674001704	850.0205241661681	811.809132432105	628.990520679978
ENST00000366862.10	652.660352429694	643.176604762474	939.557039841914	1232.88100819143	1091.7433160293801	1495.84490298162
ENST00000366932.4	581.2613236926451	577.1124198577089	986.1948246530949	1289.08071226853	1116.9373925531402	1259.20714373945
ENST00000366956.10	18.307443265910102	24.299470309798302	51.4958873956788	55.0288769088291	69.0504319539951	96.86208797995769
ENST00000367145.4	183.07443265910098	191.35832868966202	235.132165089703	343.052360303977	406.837680161377	262.385909211531
ENST00000367351.4	51.26084114454821	42.524073042147	26.2337539562892	173.282420904398	199.686384299391	136.097364123738
ENST00000367460.4	678.290773001968	758.599088734015	1446.7429496635098	2115.68469306924	1719.7290012326098	2321.0118043805
ENST00000367463.5	480.57038573014006	527.754120790932	504.271048270893	796.162474425612	789.4143977443221	766.3139871832091
ENST00000367510.8	164.76698939319098	149.593614094696	229.30244198830601	399.25206438107904	301.395804339735	321.238823427201
ENST00000367660.4	1607.39351874691	1513.40138523212	2016.11257256667	3789.9675436995703	3151.12579336002	2996.59421548122
ENST00000367808.8	97.02944930932341	113.144408629998	136.026872365944	195.528137101584	172.62607988498797	224.376735447244
ENST00000367943.5	771.6587336581099	796.5670110930749	944.4151424264121	1465.8756146777403	1332.48671392304	1265.3376556369199
ENST00000367948.6	27.461164898865103	24.299470309798302	19.432410337992	748.1585605264211	648.514192000359	478.179928002323
ENST00000368149.3	641.675886470148	685.70067780462	718.999182505705	1027.98625374366	890.1907038393421	1359.74753885789
ENST00000368671.4	0.0	0.7593584471811959	6.80134361829721	272.802730207599	222.081118987173	237.863861621668
ENST00000368814.8	333.195467439563	342.47065967872004	577.142587038363	729.4253258340531	770.7521188378371	740.565837213854
ENST00000368845.6	206.874108904784	192.87704558402402	204.04030854891602	369.98138517425497	328.456108754139	264.838113970517
ENST00000368985.8	491.55485168968596	427.518805763014	368.24417590494903	1838.19865418855	1528.44064244113	830.071310916852
ENST00000369489.10	40.2763751850022	43.2834314893282	71.8999182505705	124.107679836934	114.77301527488399	127.514647467286
ENST00000369709.3	202.29724808830602	211.10164831637297	250.678093360097	371.152212342528	361.115096840488	409.51819475070704
ENST00000369722.8	2046.77215712875	1873.33728919601	1470.0618420691	3511.3106776506	2630.4482118690803	2785.7046062084005
ENST00000369851.7	3713.6648664898603	3657.07028162464	5098.09285217221	6505.115746924561	5865.5542603082895	6907.86080606432
ENST00000370397.8	1236.66779261223	1261.2943807679699	1700.3359045743	2891.94310563421	2642.5786931582998	2512.28377558143
ENST00000370459.7	45.7686081647752	47.8395821724154	17.4891693041928	134.64512435139	120.371698946829	69.8878356311087
ENST00000370466.4	49.4300968179572	59.229958880133296	34.006718091486	288.023483395148	285.532867269223	129.96685222627198
ENST00000370500.10	869.6035551307291	838.3317256880409	923.039491054621	1559.5417881395801	1374.47684146263	1522.81915533047
ENST00000370747.9	19.2228154292056	15.946527390805098	8.74458465209641	196.698964269857	156.763142814475	19.617638071890198
ENST00000370783.8	300.24206956092496	279.44390856267995	347.840145050057	601.8051644923011	522.543809381585	624.086111162006
ENST00000370944.9	86.96035551307291	109.347616394092	143.799836501141	204.89475444776798	164.228054377069	210.88960927281897
ENST00000370952.4	1477.41067155894	1438.98425740837	1253.39046680049	2582.84473321015	2227.342987489	1917.62412152726
ENST00000370982.4	623.368443204238	590.0215134597901	687.9073259649169	1319.52221864362	1229.84417993737	1347.4865150629598
ENST00000371419.7	1123.16164436358	1251.42272095461	794.785582823873	2132.07627342506	1694.53492470885	1566.9588409922303
ENST00000371437.5	4202.47360168966	4092.1826718594702	3883.5672060477	7261.4700976288905	5685.4632688607	6231.052292584111
ENST00000371443.6	717.6517760236749	940.8451160575031	990.0813067206931	1581.78750433677	1394.07223431444	1228.5545842521199
ENST00000371648.4	21.053559755796602	18.2246027323487	19.432410337992	49.174741067464296	36.3914438676461	53.9485046976979
ENST00000371795.5	14.645954612728099	20.5026780738923	22.347271888690802	227.140470644954	196.887042463418	60.0790165951636
ENST00000372014.5	2619.79513135173	2589.41230488788	2540.78765169246	5161.0061577472	4303.5215158354795	3249.17130565681
ENST00000372037.7	329.533978786381	321.208623157646	379.903622107744	687.275547776227	641.9823943830901	562.780992187349
ENST00000372102.3	522.677505241733	559.647175572542	1009.5137170586901	1203.6103289846	1221.44615442945	1349.93871982194
ENST00000373044.3	523.592877405028	543.7006481817369	1001.7407529234899	1229.36852668661	1187.8540523977802	1392.8523031042002
ENST00000373212.6	5269.79754409222	5082.38608698375	3952.55226274758	8981.41520782186	8281.386264752791	6799.96379666893
ENST00000373620.7	40.2763751850022	28.096262545704302	34.006718091486	113.570235322477	107.30810371229	93.1837808414783
ENST00000373943.9	731.3823584731081	807.198029353612	592.688515308757	1366.3553053745402	1322.2224605244699	1284.95529370881
ENST00000373960.4	0.915372163295504	2.2780753415435897	0.0	60.8830127501938	53.18749488348271	4.904409517972541
ENST00000374050.4	2314.97620097433	2338.82401731809	2394.0729536406197	4124.82411382563	3454.3878255903996	3578.9928457404603
ENST00000374148.1	33.8687700419337	18.2246027323487	22.347271888690802	141.670087361028	120.371698946829	51.4962999387117
ENST00000374151.7	2.74611648988651	8.352942918993161	3.8864820675984	24.5873705337321	39.1907857036188	12.2610237949314
ENST00000374514.8	115.33689257523399	115.422483971542	136.998492882844	189.674001260219	180.090991447582	210.88960927281897
ENST00000374692.8	75.9758895535268	67.5829017991265	55.38236946327729	175.624075240944	139.033977853314	91.9576784619851
ENST00000375078.4	21.968931919092103	20.5026780738923	15.5459282703936	55.0288769088291	54.120608828807	53.9485046976979
ENST00000375991.9	113.506148248642	141.240671175703	261.365919045993	360.61476782807097	339.65347609802996	415.648706648173
ENST00000376350.8	28.3765370621606	27.336904098523103	17.4891693041928	65.5663214232857	69.0504319539951	49.044095179725396
ENST00000376736.6	858.619089171183	856.5563284203901	877.37332676034	1731.6533818757098	1441.6610455259802	1295.9902151242402
ENST00000376755.1	36.614886531820204	33.4117716759726	60.2404720477753	99.5203093032015	96.11073636839859	117.705828431341
ENST00000377443.7	1.8307443265910102	1.51871689436239	0.9716205168996009	73.76211160119641	84.9133690245075	28.2003547283421
ENST00000377459.2	8691.45869049081	9122.932384434891	11385.4492170295	19280.0109799508	15034.3318870644	13240.6795961464
ENST00000377603.5	453.10922083127406	412.3316368193899	471.235950696306	785.6250299111549	735.2937889155149	777.3489085986481
ENST00000377673.10	628.860676184011	638.620454079386	646.1276437382351	1208.29363765769	1168.2586595459697	974.751391697042
ENST00000378578.9	722.2286368401531	615.83970066395	571.3128639369651	1157.94806942196	1020.82665618474	1164.79726051848
ENST00000378588.5	234.335273803649	258.181872041607	225.41595992070702	1093.55257516694	993.766351770335	217.020121170285
ENST00000379253.7	74.1451452269358	75.1764862709385	58.297231013976095	135.815951519663	119.43858500150499	98.08819035945079
ENST00000379341.9	1010.57086827824	1153.46548126824	1210.6391640569	2539.52412798405	2107.9044024875	1953.1810905325601
ENST00000379359.4	564.784624753326	644.695321656836	610.177684612949	1011.59467338784	1043.22139087252	806.7753657064831
ENST00000380615.8	177.582199679328	151.871689436239	230.274062505205	401.593718717625	364.847552621785	386.222249540338
ENST00000380872.9	0.0	1.51871689436239	0.9716205168996009	56.199704077102005	47.5888112115372	22.069842830876397
ENST00000381151.5	1221.1064658362	1171.69008400059	1164.97299976262	2896.6264143073	3162.3231607039097	1980.1553428814102
ENST00000381801.5	2234.4234506043304	2159.61542378332	2688.4739702612	4374.210300667771	3868.6904173143703	3841.37875495199
ENST00000381938.4	13.7305824494326	12.1497351548991	11.6594462027952	69.07880292810461	52.254380938158505	56.4007094566842
ENST00000381967.9	1382.21196657621	1382.03237386978	1680.9034942363098	2527.81585630132	2365.44385139699	2414.19558522198
ENST00000384107.1	53.091585471139204	40.2459977006034	33.035097574586395	91.32451912529079	74.64911562594071	72.340040390095
ENST00000384339.1	43.93786383818421	57.711241985770904	61.212092564674904	125.278507005207	70.91665984464359	116.47972605184799
ENST00000384675.1	54.92232979773021	50.117657513958996	76.7580208350685	158.061667716849	140.900205743963	116.47972605184799
ENST00000388090.1	183.07443265910098	192.87704558402402	147.68631856873898	290.365137731694	243.542739729631	293.038468698859
ENST00000389567.9	116.25226473852899	97.19788123919321	125.339046680049	458.96424996300004	531.8749488348269	275.873035385955
ENST00000391911.5	10.984465959546	7.593584471811969	10.6878256858956	21.0748890289133	27.0603044144035	28.2003547283421
ENST00000392583.6	15.5613267760236	9.112301366174359	9.71620516899601	69.07880292810461	87.71271086048029	7.35661427695881
ENST00000392647.7	391.779285890476	336.39579210127005	504.271048270893	723.571189992688	686.771863758654	554.198275530897
ENST00000392872.8	419.24045078934097	407.016127689121	584.91555117356	723.571189992688	713.832168173057	814.131979983442
ENST00000393310.5	4.576860816477519	2.2780753415435897	15.5459282703936	65.5663214232857	60.652406446076796	71.1139380106018
ENST00000393567.7	5.49223297977302	2.2780753415435897	12.6310667196948	25.7581977020051	27.9934183597277	50.2701975592185
ENST00000393743.8	283.765370621606	274.887757879593	202.097067515117	587.755238473025	602.791608679471	358.021894811995
ENST00000393820.2	740.536080106063	735.058976871398	1197.0364768203099	1552.5168251299401	1299.82772583669	1769.2657336085897
ENST00000394323.3	8.23834946965954	6.83422602463077	6.80134361829721	111.22858098593099	141.83331968928698	42.9135832822597
ENST00000394485.5	68.6529122471628	79.7326369540256	120.480944095551	248.215359673867	204.351954026013	194.950278339408
ENST00000394833.6	5.49223297977302	6.83422602463077	16.517548787293197	30.4415063750969	31.7258741410248	38.009173764287205
ENST00000394884.7	17.3920711026146	10.6310182605368	19.432410337992	43.3206052260995	34.5252159769976	38.009173764287205
ENST00000395297.6	49.4300968179572	42.524073042147	68.9850566998717	228.31129781322701	253.806993128198	85.8271665645195
ENST00000396184.7	0.0	0.0	1.9432410337992	78.44542027428821	52.254380938158505	53.9485046976979
ENST00000396776.6	4.576860816477519	1.51871689436239	17.4891693041928	44.491432394372396	34.5252159769976	30.6525594873284
ENST00000400256.5	53.091585471139204	55.43316664422729	29.148615506988	120.595198332115	122.23792683747801	55.174607077191105
ENST00000400282.6	89.7064720029594	86.5668629786564	101.048533757558	172.111593736125	181.024105392906	155.715002195628
ENST00000400485.6	1615.63186821656	1612.11798336568	1525.44421153237	2683.5358696816197	2644.4449210489497	2476.72680657613
ENST00000404377.3	0.915372163295504	1.51871689436239	0.9716205168996009	30.4415063750969	23.3278486331065	11.034921415438198
ENST00000407997.4	194.058898618647	192.87704558402402	100.07691324065901	331.344088621247	345.252159769975	221.924530688257
ENST00000409085.9	756.097406882086	770.748823888914	1011.45695809248	1443.62989848056	1690.8024689275599	1466.41844587379
ENST00000409223.2	19.2228154292056	11.3903767077179	25.2621334393896	56.199704077102005	68.1173180086708	77.24444990806751
ENST00000409600.6	357.91051584854205	315.89311402737803	741.346454394395	902.707746738451	804.344220869511	1070.3873772975098
ENST00000409682.8	4796.55013566844	4874.3218724561	5772.39749090053	9618.345187362349	8317.77770862044	10076.1093546746
ENST00000415237.1	140.051940984212	107.82889949973	70.9282977336709	401.593718717625	405.904566216052	121.38413556982
ENST00000417314.2	276.442393315242	268.812890302144	422.654924851326	633.417498035671	576.664418210392	587.303039777212
ENST00000418460.2	703.005821410947	772.267540783277	648.070884772034	1308.9847741291699	1204.65010341362	901.185248927454
ENST00000422989.5	596.8226504686689	618.117776005494	746.2045569788929	954.2241421424609	976.037186809174	1119.43147247723
ENST00000426126.6	618.791582387761	608.246116192138	717.055941471905	1011.59467338784	1017.0942004034401	1104.71824392331
ENST00000427358.3	142.798057474099	124.534785337716	136.998492882844	262.265285693143	207.151295861985	174.10653788802503
ENST00000429530.1	4.576860816477519	4.556150683087179	35.949959125285204	101.861963639747	107.30810371229	197.402483098395
ENST00000430046.7	33.8687700419337	30.374337887247897	30.1202360238876	79.6162474425612	55.0537227741312	66.2095284926293
ENST00000431388.3	158.359384250122	179.208593534762	248.73485232629798	291.535964899967	320.991197191545	421.77921854563795
ENST00000433230.1	0.0	0.0	0.0	62.0538399184668	48.5219251568614	50.2701975592185
ENST00000434319.6	184.90517698569198	151.871689436239	95.21881065616091	483.551620496732	472.155656334075	177.78484502650502
ENST00000434344.2	0.0	0.0	7.77296413519681	12.8790988510025	24.2609625784307	19.617638071890198
ENST00000437601.2	2.74611648988651	6.83422602463077	13.6026872365944	33.9539878799158	27.0603044144035	33.104764246314694
ENST00000440804.7	0.0	0.7593584471811959	1.9432410337992	39.8081237212806	24.2609625784307	15.939330933410801
ENST00000441882.1	0.915372163295504	2.2780753415435897	8.74458465209641	21.0748890289133	19.5953928518094	25.748149969355804
ENST00000442417.5	92.45258849284589	93.4010890032872	152.544421153237	181.478211082309	178.22476355693297	214.56791641129902
ENST00000443631.1	37.530258695115705	44.80214838369061	49.5526463618796	87.8120376204719	82.11402718853469	89.5054737029989
ENST00000444122.2	263.62718302910497	289.31556837603597	371.159037455648	488.234929169824	452.56026348226504	568.911504084815
ENST00000444129.7	427.478800259	399.42254321730906	463.4629865611099	720.05870848787	601.858494734146	771.218396701182
ENST00000447139.1	1.8307443265910102	2.2780753415435897	11.6594462027952	31.6123335433699	21.461620742457896	15.939330933410801
ENST00000447944.7	2042.1952963122699	2041.9148644702398	2093.84221391864	3698.64302457428	3489.84615551273	2669.22488015656
ENST00000449457.1	8.23834946965954	14.4278104964427	16.517548787293197	62.0538399184668	78.3815714072377	74.7922451490812
ENST00000449768.2	46.68398032807071	32.6524132287915	34.9783386083856	243.532051000775	210.883751643282	55.174607077191105
ENST00000450443.1	61.3299349407988	62.2673926688581	105.906636342057	176.794902409217	160.495598595772	138.549568882724
ENST00000452357.6	5.49223297977302	2.2780753415435897	5.829723101397611	76.1037659377423	51.321266992834204	14.713228553917599
ENST00000455827.2	243.488995436604	224.010741918453	258.451057495294	835.9705981468919	785.6819419630251	723.40040390095
ENST00000456414.2	6.407605143068531	10.6310182605368	15.5459282703936	24.5873705337321	38.2576717582946	42.9135832822597
ENST00000456917.1	270.034788172174	258.181872041607	223.47271888690798	505.797336693918	408.703908052025	335.952051981119
ENST00000459299.1	196.80501510853298	151.112330989058	215.699754751711	427.35191641962996	331.255450590112	426.68362806361097
ENST00000463407.5	307.565046867289	263.497381171875	364.35769383735	442.57266960717794	467.490086607453	603.242370710622
ENST00000465995.6	170.259222372964	168.577575274226	203.06868803201698	360.61476782807097	307.927601957005	264.838113970517
ENST00000467148.1	81.4681225332998	101.75403192228	111.73635944345399	261.09445852487005	270.603044144035	96.86208797995769
ENST00000468148.6	37.530258695115705	40.2459977006034	56.35398998017679	86.6412104521989	87.71271086048029	76.01834752857441
ENST00000469435.1	94.28333281943691	94.16044745046841	170.03359045743	203.723927279495	169.826738049015	340.856461499092
ENST00000470357.1	53.091585471139204	51.6363744083214	104.935015825157	152.207531875485	134.368408126693	155.715002195628
ENST00000471115.6	362.48737666502	344.748735020263	437.22923260482	618.1967448481221	535.607404616124	617.9555992645401
ENST00000471867.3	129.067475024666	129.850294467985	137.970113399743	244.702878169048	240.743397893659	253.803192555079
ENST00000473414.6	1076.4776640355099	1112.46012512045	1348.60927745665	2256.1839532619897	1960.47239912627	2045.1387689945498
ENST00000474629.7	800.0352707202701	826.941348980323	1026.03126584598	1866.2985062271	1980.06779197808	1139.0491105491199
ENST00000484980.5	79.63737820670879	95.6791643448308	95.21881065616091	176.794902409217	167.960510158366	118.931930810834
ENST00000489637.3	53.091585471139204	49.3582990667778	73.8431592843697	126.44933417348	115.706129220208	88.2793713235057
ENST00000491306.6	324.957117969904	304.50273731966	347.840145050057	540.922151742107	440.42978219305	532.128432700021
ENST00000493763.6	810.104364516521	777.5830499135451	878.344947277239	1475.24223202393	1248.50645884386	1109.62265344129
ENST00000495461.6	73.2297730636403	72.8984109293949	71.8999182505705	124.107679836934	131.56906629071997	121.38413556982
ENST00000496166.6	692.0213554514011	771.5081823360961	758.8356236985879	1366.3553053745402	1400.6040319317099	1118.2053700977401
ENST00000503004.5	32.9533978786381	31.133696334429104	55.38236946327729	79.6162474425612	77.4484574619134	80.9227570465469
ENST00000505522.6	259.050322212628	272.60968253805	311.89018592477197	503.455682357372	482.419909732641	452.431778032967
ENST00000505747.6	336.856956092745	351.58296104489403	503.299427753993	656.83404140113	568.266392702473	695.200049172608
ENST00000507579.1	9.153721632955039	6.074867577449571	6.80134361829721	35.1248150481888	36.3914438676461	15.939330933410801
ENST00000507644.2	3.6614886531820203	1.51871689436239	1.9432410337992	24.5873705337321	34.5252159769976	24.522047589862698
ENST00000508296.5	23.799676245683102	28.8556209928855	34.006718091486	69.07880292810461	51.321266992834204	78.47055228756071
ENST00000512733.5	408.255984829795	369.04820533006205	554.795315149672	895.682783728813	866.862855206236	788.383830014086
ENST00000514265.1	0.0	0.7593584471811959	0.9716205168996009	19.9040618606403	22.394734687782197	23.295945210369602
ENST00000515425.6	0.0	0.0	0.9716205168996009	29.270679206824003	55.986836719455496	67.4356308721224
ENST00000519476.6	39.36100302170671	29.6149794400667	34.9783386083856	73.76211160119641	70.91665984464359	53.9485046976979
ENST00000523505.2	149.205662617167	139.72195428133998	162.260626322233	263.436112861416	236.077828167037	307.751697252777
ENST00000523917.5	153.782523433645	153.390406330602	294.401016620579	345.394014640523	320.991197191545	467.145006586885
ENST00000524717.6	23.799676245683102	18.9839611795299	36.921579642184795	87.8120376204719	83.047141133859	120.15803319032699
ENST00000526049.6	285.596114948197	299.946586636573	402.250893996435	668.542313083859	557.069025358582	680.48682061869
ENST00000527958.6	2344.2681101997896	2268.20368173023	2622.40377511202	4207.95284277301	3868.6904173143703	3838.9265501930104
ENST00000530049.1	9.153721632955039	9.871659813355551	7.77296413519681	31.6123335433699	23.3278486331065	19.617638071890198
ENST00000535540.1	11.899838122841599	18.9839611795299	16.517548787293197	45.662259562645396	38.2576717582946	29.426457107835198
ENST00000536681.8	292.919092254561	267.294173407781	182.664657177125	947.1991791328239	929.3814895429609	308.97779963227003
ENST00000538183.7	2587.75710563639	2439.0593323460002	3428.8488041386895	4104.920051964989	4099.16956180947	5600.83566952464
ENST00000539281.5	52.1762133078437	47.8395821724154	34.006718091486	200.211445774676	191.288358791473	95.6359856004645
ENST00000549278.2	0.0	0.7593584471811959	0.0	31.6123335433699	30.7927601957005	7.35661427695881
ENST00000550263.2	9.153721632955039	17.4652442851675	15.5459282703936	51.5163954040102	50.3881530475099	46.5918904207391
ENST00000551589.5	22.8843040823876	24.299470309798302	27.2053744731888	53.8580497405561	58.78617855542829	41.6874809027666
ENST00000558607.1	8.23834946965954	8.352942918993161	19.432410337992	59.7121855819209	42.9232414849159	49.044095179725396
ENST00000561559.1	30.207281388751603	29.6149794400667	24.290512922490002	56.199704077102005	68.1173180086708	45.365788041246006
ENST00000563103.1	10.069093796250499	9.871659813355551	32.063477057686804	55.0288769088291	41.057013594267396	44.1396856617529
ENST00000567032.5	1.8307443265910102	0.7593584471811959	4.858102584498	16.3915803558214	24.2609625784307	58.8529142156705
ENST00000570080.1	18.307443265910102	19.743319626711102	48.581025844980005	98.3494821349285	86.779596915156	99.3142927389439
ENST00000572856.1	0.915372163295504	1.51871689436239	2.9148615506988	21.0748890289133	26.1271904690792	20.8437404513833
ENST00000573584.6	1974.4577562284	2026.7276955266102	1982.1058544751897	3416.47367702049	3192.1828069542894	2748.9215348236103
ENST00000577988.2	177.582199679328	159.465273908051	559.65341773417	745.816906189875	559.8683671945549	922.028989378838
ENST00000578049.4	2540.15775314502	2409.44435290594	3156.7950594067997	8390.14748784402	7787.76898767626	7786.9762121609
ENST00000579458.1	1.8307443265910102	4.556150683087179	2.9148615506988	52.687222572283105	36.3914438676461	19.617638071890198
ENST00000581589.5	1.8307443265910102	2.2780753415435897	8.74458465209641	23.416543365459198	19.5953928518094	11.034921415438198
ENST00000589913.6	46.68398032807071	50.8770159611402	74.8147798012693	144.011741697574	115.706129220208	147.132285539176
ENST00000590474.7	6.407605143068531	3.79679223590598	4.858102584498	21.0748890289133	12.1304812892154	18.391535692397
ENST00000595962.6	262.71181086581004	301.465303530935	530.504802227182	597.121855819209	619.587659695307	707.461072967539
ENST00000602172.1	428.394172422296	413.090995266571	629.6100949509411	1166.14385959987	982.568984426444	1099.81383440534
ENST00000604982.2	66.8221679205718	52.39573285550261	75.7864003181689	111.22858098593099	108.241217657614	111.57531653387501
ENST00000606577.1	211.45096972126098	183.005385770668	201.125446998217	468.33086730918296	347.118387660624	258.707602073052
ENST00000606796.1	12.815210286137098	15.1871689436239	4.858102584498	91.32451912529079	100.77630609501999	30.6525594873284
ENST00000606831.1	6.407605143068531	6.83422602463077	12.6310667196948	93.6661734618367	73.7160016806164	89.5054737029989
ENST00000607520.1	178.497571842623	178.44923508758097	139.913354433543	280.99852038551	269.66993019871103	285.68185442189997
ENST00000607746.1	1.8307443265910102	0.0	0.9716205168996009	44.491432394372396	55.0537227741312	14.713228553917599
ENST00000613854.1	2471.50484089786	2641.8080377433803	3173.3126081940995	5306.18872661305	4202.74520974046	3975.02391431674
ENST00000614247.1	3742.0414035520203	3684.40718572317	3784.4619133239503	7497.97718562003	5658.4029644463	4318.332580574821
ENST00000615230.4	0.0	3.79679223590598	4.858102584498	135.815951519663	105.441875821641	71.1139380106018
ENST00000615868.1	3323.7163249259697	3341.17716759726	3322.94216779664	6368.12896823662	5259.03019584752	3972.57170955776
ENST00000615966.1	5505.04819005916	5459.02787678562	6876.158398098481	12580.537923092901	10621.636039626	9040.05284400288
ENST00000617352.1	6.407605143068531	9.112301366174359	22.347271888690802	36.2956422164617	37.3245578129703	49.044095179725396
ENST00000617633.5	152.867151270349	129.09093602080299	247.763231809398	354.760631986706	323.790539027518	392.35276143780294
ENST00000617802.1	41.1917473482977	46.320865278053	42.7513027435824	107.716099481112	69.9835458993194	94.40988322097141
ENST00000618958.1	533.661971201279	570.278193833079	569.3696229031659	1510.3670470721202	1061.88366977901	724.626506280443
ENST00000620438.1	909.879930315731	992.481490465824	1183.43378958371	2643.72774596034	2149.89453002709	1647.8815980387699
ENST00000621400.4	20.1381875925011	15.946527390805098	28.176994990088396	45.662259562645396	50.3881530475099	42.9135832822597
ENST00000623667.2	3.6614886531820203	2.2780753415435897	5.829723101397611	14.049926019275501	15.8629370705124	33.104764246314694
ENST00000624070.1	13.7305824494326	9.112301366174359	15.5459282703936	51.5163954040102	47.5888112115372	17.1654333129039
ENST00000624112.1	4.576860816477519	6.074867577449571	4.858102584498	30.4415063750969	27.9934183597277	51.4962999387117
ENST00000624916.1	11.899838122841599	9.871659813355551	9.71620516899601	32.7831607116428	39.1907857036188	28.2003547283421
ENST00000629357.1	9.153721632955039	6.074867577449571	14.574307753494	26.929024870278	26.1271904690792	31.8786618668215
ENST00000629969.1	234.335273803649	186.042819559393	326.46449367826597	935.490907450094	709.166598446436	1080.19619633345
ENST00000631211.1	31.1226535520471	29.6149794400667	35.949959125285204	60.8830127501938	92.3782805871016	78.47055228756071
ENST00000637996.1	0.0	0.0	0.9716205168996009	33.9539878799158	26.1271904690792	17.1654333129039
ENST00000646974.2	4.576860816477519	1.51871689436239	0.0	30.4415063750969	31.7258741410248	9.808819035945081
ENST00000647814.1	108.929287432165	108.58825794691099	114.65122099415301	1090.04009366212	1013.36174462214	463.466699448405
ENST00000648566.1	241.658251110013	255.144438252882	340.06718091486	518.676435544921	556.135911413258	610.598984987581
ENST00000651128.1	11.899838122841599	10.6310182605368	21.3756513717912	135.815951519663	136.23463601734198	99.3142927389439
ENST00000652019.1	0.0	0.0	0.9716205168996009	55.0288769088291	53.18749488348271	72.340040390095
ENST00000652215.1	263.62718302910497	272.60968253805	241.93350870800097	488.234929169824	392.840970981513	420.553116166145
ENST00000654616.1	0.915372163295504	0.0	0.0	52.687222572283105	48.5219251568614	8.58271665645195
ENST00000656121.1	0.0	0.0	1.9432410337992	23.416543365459198	13.9967091798639	30.6525594873284
ENST00000660086.1	0.0	1.51871689436239	0.0	33.9539878799158	22.394734687782197	7.35661427695881
ENST00000660814.1	11.899838122841599	15.1871689436239	35.949959125285204	78.44542027428821	49.45503910218571	45.365788041246006
ENST00000661242.1	3.6614886531820203	1.51871689436239	5.829723101397611	14.049926019275501	20.528506797133698	30.6525594873284
ENST00000661295.1	61.3299349407988	34.930488570335	17.4891693041928	556.142904929655	503.88153047509905	174.10653788802503
ENST00000662378.1	2.74611648988651	0.0	6.80134361829721	10.5374445144566	19.5953928518094	40.4613785232735
ENST00000668770.1	0.0	0.7593584471811959	0.0	39.8081237212806	41.057013594267396	49.044095179725396
ENST00000673291.1	250.81197274296798	245.27277843952598	214.72813423481202	1401.4801204227301	1383.80798091587	301.621185355311
