Genes	BB1-PonA-9107	BB2-PonA-9107	J-PonA-9107	BB1-PonA-91418	BB2-PonA-91418	J-PonA-91418
ENST00000011653.9	913.79471223968	643.791748810545	536.700731113902	329.585966287541	339.300753753727	260.194373175252
ENST00000078429.9	103.732328685787	101.848041538969	192.049584634568	1.1210407016583	0.0	2.3440934520292998
ENST00000217740.4	267.64524500607604	284.053253466481	331.15577026176896	125.55655858573	119.383598542978	144.161747299802
ENST00000220669.10	7.12664853566475	16.8189426394627	10.3810586288956	0.0	0.0	0.0
ENST00000220751.5	198.754309161317	191.549068949436	208.65927844080102	0.0	0.0	0.0
ENST00000221132.8	64.13983682098271	49.52244221619579	68.51498695071089	0.0	0.8976210416765259	0.0
ENST00000225171.7	9.502198047553	14.0157855328856	5.1905293144478	0.0	0.0	0.0
ENST00000241125.4	117.985625757116	119.601369880624	73.7055162651587	36.994343154724	58.3453677089742	36.3334485064541
ENST00000241453.12	84.72793259068091	92.5041845170449	21.8002231206807	6.72624420994982	5.38572625005915	4.68818690405859
ENST00000245903.4	56.221338448021896	51.3912136205805	90.3152100713916	0.0	1.79524208335305	1.1720467260146499
ENST00000245912.7	57.013188285318	69.1445419622356	146.372926667428	11.210407016583	25.133389166942703	45.7098223145713
ENST00000246841.3	133.82262250303802	134.551541115702	56.05771659603621	42.5995466630155	38.5977047920906	16.4086541642051
ENST00000251203.14	19.004396095106	15.8845569372703	8.30484690311647	3.36312210497491	0.8976210416765259	0.0
ENST00000255198.3	57.8050381226141	37.3754280876949	39.448022789803204	20.1787326298495	11.6690735417948	14.064560712175801
ENST00000257575.8	38.800642027508104	24.2940282570017	17.6477996691225	2.2420814033166097	1.79524208335305	2.3440934520292998
ENST00000258499.8	51.4702394242454	66.3413848556585	183.74473773145198	13.4524884198996	13.4643156251479	39.849588684498
ENST00000261267.7	13249.2314776381	16889.9559528293	16790.324226375702	7199.32338604962	5894.67738068974	7352.24911228989
ENST00000261783.4	107.691577872267	143.895398137625	92.39142179717079	1.1210407016583	2.69286312502958	4.68818690405859
ENST00000269593.5	144.116670387887	130.81399830693198	263.678889173948	43.7205873646738	52.0620204172385	90.2475979031279
ENST00000269740.9	169.455865181362	168.189426394627	152.601561844765	78.47284911608119	64.6287150007098	70.3228035608789
ENST00000271732.8	791.0579874587869	838.1439748665581	695.530928136005	232.055425243269	191.1932818771	181.66724253227002
ENST00000274306.7	7.91849837296083	10.278242724116101	15.5715879433434	0.0	0.8976210416765259	0.0
ENST00000274629.9	49.094689912357204	47.653670811811	50.8671872815884	25.783936138140998	16.1571787501775	9.37637380811718
ENST00000281589.4	125.904124130077	150.436098052972	131.839444586974	48.204750171307	48.471536250532395	53.91414939667379
ENST00000285419.8	114.818226407932	159.77995507489598	273.021841939954	59.4151571878901	77.1954095841812	85.5594109990693
ENST00000286234.6	197.96245932402098	212.10555439766898	70.59119867649	67.2624420994982	76.2977885425047	46.8818690405859
ENST00000288135.5	19.004396095106	17.753328341655102	1.03810586288956	0.0	0.8976210416765259	0.0
ENST00000289013.11	285.06594142659003	316.756753043214	96.543845248729	81.83597122105608	89.7621041676526	63.290523204791
ENST00000290868.7	98.9812296620104	94.3729559214297	71.6293045393796	10.0893663149247	4.488105208382629	14.064560712175801
ENST00000296327.10	40.38434170210021	46.719285109618596	37.3718110640241	16.815610524874497	12.566694583471401	16.4086541642051
ENST00000296503.10	51.4702394242454	72.8820847710051	83.0484690311647	30.2680989447742	26.0310102086192	30.4732148763808
ENST00000297205.7	35.633242678323704	39.2441994920797	34.2574934753555	0.0	0.0	0.0
ENST00000297632.7	1470.46514785883	1560.42412266126	1787.61829589582	693.924194326489	611.279929381714	971.626735866143
ENST00000300056.8	28.506594142659	30.8347281723483	20.7621172577912	0.0	0.0	0.0
ENST00000301327.5	475.10990237765	497.093193566342	477.528696929197	195.061082088545	205.55521854392398	226.205018120827
ENST00000301522.3	11.877747559441199	11.2126284263085	8.30484690311647	0.0	0.0	1.1720467260146499
ENST00000303460.5	160.745516971105	133.617155413509	127.68702113541599	61.657238591206706	59.2429887506507	28.129121424351503
ENST00000305988.5	989.8122966201041	933.45131649018	713.178727805127	384.516960668798	369.81986917072896	385.60337285881894
ENST00000307746.9	103.732328685787	151.370483755164	125.610809409637	23.5418547348244	20.645283958560103	23.440934520293002
ENST00000311915.12	51.4702394242454	62.603842046889	13.495376217564301	15.6945698232162	11.6690735417948	8.20432708210254
ENST00000314531.5	75.22573454312791	91.5697988148525	84.0865748940543	3.36312210497491	0.8976210416765259	3.51614017804394
ENST00000315576.8	146.49221989977502	140.157855328856	371.641898914462	40.3574652596989	56.5501256256211	153.538121107919
ENST00000316418.9	445.811458397695	354.132181130909	565.76769527481	131.161762094021	160.674166460098	316.452616023955
ENST00000316549.11	29.298443979955103	38.30981378988729	69.5530928136005	11.210407016583	14.3619366668244	18.752747616234398
ENST00000317243.10	85.519782427977	88.76664170827542	49.8290814186988	31.3891396464325	26.0310102086192	30.4732148763808
ENST00000322153.11	8.71034821025692	17.753328341655102	14.533482080453801	1.1210407016583	0.8976210416765259	0.0
ENST00000323469.5	57.013188285318	53.259985024965296	45.6766579671406	2.2420814033166097	0.0	2.3440934520292998
ENST00000324379.10	527.3719916391909	694.2485767289329	571.9963304521469	172.64026805537898	173.240861043569	169.946775272124
ENST00000330173.5	62.5561371463906	74.7508561753898	55.0196107331466	35.873302453065705	25.133389166942703	22.268887794278303
ENST00000330943.9	363.45907531890197	331.70692427829204	573.034436315037	118.83031437578	118.48597750130101	191.04361634038798
ENST00000338821.6	48.3028400750611	32.7034995767331	15.5715879433434	8.96832561326642	8.976210416765259	7.03228035608789
ENST00000350997.12	4348.83930643009	4648.56886840705	4411.94991728063	1560.48865670836	1481.97233980794	2281.97497555052
ENST00000355530.7	235.97125151423302	279.381324955519	279.250477117291	69.50452350281479	64.6287150007098	135.957420217699
ENST00000356189.6	97.3975299874182	113.995055667469	55.0196107331466	11.210407016583	8.07858937508873	4.68818690405859
ENST00000357039.9	94.23013063823392	106.51997004993099	79.93415144249609	43.7205873646738	38.5977047920906	26.957074698336896
ENST00000357878.7	22.9636452815864	14.950171235078	19.724011394901602	0.0	0.0	0.0
ENST00000358204.9	14.2532970713295	7.47508561753898	20.7621172577912	0.0	0.0	0.0
ENST00000359890.8	87.8953319398652	61.6694563446966	56.05771659603621	32.5101803480908	32.3143575003549	24.6129812463076
ENST00000364849.1	41.9680413766924	34.5722709811178	72.6674104022691	21.2997733315078	12.566694583471401	24.6129812463076
ENST00000365645.1	6.33479869836867	3.73754280876949	13.495376217564301	0.0	0.0	0.0
ENST00000366667.5	22.1717954442903	25.228413959194103	11.4191644917852	1.1210407016583	0.8976210416765259	0.0
ENST00000368648.7	78.3931338923122	86.8978703038907	121.458385958078	40.3574652596989	37.7000837504141	43.365728862542
ENST00000368680.4	41.9680413766924	18.6877140438475	29.0669641609077	1.1210407016583	0.8976210416765259	3.51614017804394
ENST00000370355.3	35668.0840711648	31315.936808977403	12404.3269556673	9119.66610799029	9915.1220263589	11547.004344696299
ENST00000372397.6	194.795059974836	187.811526140667	158.830197022103	50.4468315746236	49.369157292208904	69.15075683486421
ENST00000373640.5	168.664015344066	183.139597629705	25.952646572238997	0.0	0.0	0.0
ENST00000374472.5	47.510990237765	48.5880565140034	267.831312625506	1.1210407016583	1.79524208335305	7.03228035608789
ENST00000375071.4	490.155049286275	268.168696529211	374.75621650313104	161.429861038796	168.752755835187	178.151102354226
ENST00000379221.4	396.716768485338	534.4686216540371	591.720341847049	0.0	0.8976210416765259	0.0
ENST00000379454.9	226.46905346667998	235.46519695247798	249.145407093494	0.0	0.0	0.0
ENST00000380291.5	128.27967364196502	135.485926817894	316.622288181316	49.3257908729653	43.9834310421498	86.7314577250839
ENST00000380871.5	50.6783895869493	47.653670811811	40.48612865269279	4.48416280663321	5.38572625005915	2.3440934520292998
ENST00000380916.8	221.717954442903	228.924497037131	267.831312625506	106.49886665753901	113.99787229291901	120.72081277950899
ENST00000382159.8	228.052753141272	203.696083077937	172.32557323966702	93.0463782376391	102.328798751124	86.7314577250839
ENST00000382348.2	246.26529939908198	248.546596783171	534.624519388123	127.79863998904699	128.359808959743	125.408999683567
ENST00000383763.6	56.221338448021896	46.719285109618596	72.6674104022691	12.3314477182413	21.5429050002366	37.505495232468704
ENST00000389912.7	64.93168665827879	86.8978703038907	75.7817279909378	25.783936138140998	23.338147083589696	29.301168150366202
ENST00000390477.2	9.502198047553	10.278242724116101	10.3810586288956	0.0	0.0	0.0
ENST00000394480.6	102.148629011195	68.2101562600432	20.7621172577912	5.605203508291511	5.38572625005915	2.3440934520292998
ENST00000394907.8	104.524178523083	120.53575558281601	178.55420841700402	26.9049768397993	21.5429050002366	32.8173083284101
ENST00000395212.8	68.09908600746321	66.3413848556585	63.324457636263105	31.3891396464325	26.0310102086192	30.4732148763808
ENST00000396496.7	22.1717954442903	30.8347281723483	11.4191644917852	7.84728491160812	3.5904841667061	2.3440934520292998
ENST00000397618.7	53.8457889361337	71.0133133666203	83.0484690311647	35.873302453065705	24.235768125266198	26.957074698336896
ENST00000398055.7	38.008792190212	29.9003424701559	22.8383289835703	5.605203508291511	12.566694583471401	8.20432708210254
ENST00000398475.5	87.1034821025691	67.2757705578508	64.3625634991527	20.1787326298495	24.235768125266198	25.7850279723223
ENST00000401499.1	33.2576931664355	33.6378852789254	7.26674104022691	3.36312210497491	2.69286312502958	3.51614017804394
ENST00000404801.2	18.212546257809898	14.0157855328856	28.028858298018104	0.0	0.0	0.0
ENST00000406452.8	461.648455143617	473.733551011533	304.165017826641	202.90836700015302	190.295660835423	182.839289258285
ENST00000412972.1	14.2532970713295	20.556485448232202	11.4191644917852	2.2420814033166097	2.69286312502958	4.68818690405859
ENST00000421176.4	37.2169423529159	42.981742300849106	20.7621172577912	7.84728491160812	8.976210416765259	1.1720467260146499
ENST00000421320.1	98.9812296620104	109.32312715650801	63.324457636263105	22.420814033166103	36.8024627087376	29.301168150366202
ENST00000423145.7	25.339194793474697	20.556485448232202	29.0669641609077	0.0	0.0	0.0
ENST00000435030.6	87.8953319398652	77.5540132819669	144.296714941649	41.4785059613572	35.904841667061	37.505495232468704
ENST00000435803.6	169.455865181362	185.942754736282	223.192760521255	91.9253375359808	92.4549672926821	83.21531754704
ENST00000437232.5	94.23013063823392	74.7508561753898	147.411032530317	38.1153838563823	39.4953258337671	60.94642975276171
ENST00000446840.6	109.275277546859	128.010841200355	22.8383289835703	35.873302453065705	32.3143575003549	10.5484205341318
ENST00000456283.7	168.664015344066	162.583112181473	192.049584634568	54.9309943812568	46.6762941671793	48.053915766600596
ENST00000457137.6	19.7962459324021	18.6877140438475	57.0958224589258	2.2420814033166097	1.79524208335305	10.5484205341318
ENST00000500853.1	45.9272905631728	47.653670811811	34.2574934753555	0.0	0.8976210416765259	0.0
ENST00000501726.1	4793.85891499049	5351.22691645572	3331.2817140126	1958.4581057970602	1786.26587293629	1202.51994089103
ENST00000502027.1	313.572535569249	254.152910996325	149.487244256097	94.1674189392974	107.71452500118299	71.4948502868935
ENST00000502156.1	115.610076245228	117.73259847623899	50.8671872815884	25.783936138140998	27.8262522919723	21.0968410682637
ENST00000504300.2	29.298443979955103	39.2441994920797	33.219387612465894	12.3314477182413	8.976210416765259	7.03228035608789
ENST00000517490.6	4109.70065556667	4927.950193362571	4452.43604593332	2067.1990538579103	2043.88311189745	1827.22084585684
ENST00000517856.5	50.6783895869493	71.0133133666203	63.324457636263105	0.0	0.0	0.0
ENST00000517970.6	7.91849837296083	24.2940282570017	24.9145407093494	0.0	0.0	0.0
ENST00000518049.1	37.2169423529159	31.7691138745407	10.3810586288956	5.605203508291511	7.18096833341221	4.68818690405859
ENST00000520820.2	56.221338448021896	62.603842046889	74.7436221280483	13.4524884198996	14.3619366668244	22.268887794278303
ENST00000521861.6	79.9768335669044	79.4227846863517	118.34406836941002	41.4785059613572	32.3143575003549	48.053915766600596
ENST00000524425.1	72.05833519394359	80.35717038854409	90.3152100713916	21.2997733315078	17.9524208335305	30.4732148763808
ENST00000537616.1	517.8697935916381	637.251048895198	239.802454327488	122.19343648075501	114.89549333459499	97.27987825921579
ENST00000558676.5	83.9360827533848	109.32312715650801	31.1431758866868	8.96832561326642	9.87383145844178	0.0
ENST00000565433.1	262.102296145004	211.17116869547598	98.62005697450809	48.204750171307	60.140609792327204	80.8712240950107
ENST00000565886.1	16.6288465832177	8.409471319731361	10.3810586288956	0.0	0.8976210416765259	0.0
ENST00000567905.1	94.23013063823392	82.22594179292881	176.477996691225	26.9049768397993	26.9286312502958	53.91414939667379
ENST00000585908.2	16.6288465832177	15.8845569372703	9.34295276600603	1.1210407016583	0.0	0.0
ENST00000587961.1	147.284069737071	150.436098052972	135.991868038532	31.3891396464325	22.4405260419131	43.365728862542
ENST00000588908.5	75.22573454312791	91.5697988148525	55.0196107331466	6.72624420994982	8.976210416765259	4.68818690405859
ENST00000591812.2	212.21575639534998	284.053253466481	236.68813673882005	123.314477182413	125.666945834714	67.9787101088496
ENST00000598149.5	57.8050381226141	61.6694563446966	33.219387612465894	24.6628954364827	20.645283958560103	19.924794342249
ENST00000598518.6	22.9636452815864	27.097185363578802	2.07621172577912	1.1210407016583	1.79524208335305	0.0
ENST00000598933.1	26.1310446307707	54.194370727157605	37.3718110640241	3.36312210497491	5.38572625005915	5.86023363007324
ENST00000599411.2	26.1310446307707	39.2441994920797	34.2574934753555	6.72624420994982	9.87383145844178	12.892513986161099
ENST00000601797.1	25.339194793474697	18.6877140438475	21.8002231206807	2.2420814033166097	0.0	3.51614017804394
ENST00000607148.1	86.31163226527309	116.79821277404699	70.59119867649	26.9049768397993	43.0858100004732	33.9893550544248
ENST00000607727.1	40.38434170210021	55.128756429350005	13.495376217564301	8.96832561326642	14.3619366668244	7.03228035608789
ENST00000611052.4	15.8369967459217	20.556485448232202	8.30484690311647	1.1210407016583	2.69286312502958	1.1720467260146499
ENST00000611870.5	80.7686834042005	71.0133133666203	84.0865748940543	28.026017541457602	32.3143575003549	38.6775419584834
ENST00000612363.2	3.16739934918433	6.54069991534661	23.876434846459897	1.1210407016583	0.0	0.0
ENST00000622716.1	4.7510990237765	4.671928510961861	17.6477996691225	0.0	0.0	0.0
ENST00000622933.1	97.3975299874182	101.848041538969	105.88679801473499	34.752261751407396	34.109599583708	56.2582428487031
ENST00000624552.3	32.465843329139396	37.3754280876949	9.34295276600603	7.84728491160812	5.38572625005915	3.51614017804394
ENST00000634212.1	16.6288465832177	11.2126284263085	15.5715879433434	0.0	0.0	1.1720467260146499
ENST00000636300.1	14.2532970713295	19.6220997460398	26.9907524351285	5.605203508291511	3.5904841667061	5.86023363007324
ENST00000640078.1	60.9724374717984	87.83225600608299	51.905293144477994	31.3891396464325	38.5977047920906	12.892513986161099
ENST00000640504.1	9.502198047553	18.6877140438475	30.105070023797197	5.605203508291511	2.69286312502958	3.51614017804394
ENST00000641304.1	174.998814042434	246.677825378786	111.077327329183	57.1730757845734	54.754883542268104	48.053915766600596
ENST00000650778.1	24.547344956178602	28.0315710657712	33.219387612465894	5.605203508291511	8.976210416765259	10.5484205341318
ENST00000651864.1	60.9724374717984	59.800684940311896	59.1720341847049	24.6628954364827	20.645283958560103	18.752747616234398
ENST00000653438.1	19.7962459324021	18.6877140438475	11.4191644917852	2.2420814033166097	0.0	3.51614017804394
ENST00000655022.1	77.60128405501621	86.8978703038907	41.5242345155824	15.6945698232162	18.850041875207	12.892513986161099
ENST00000655387.1	31.6739934918433	39.2441994920797	24.9145407093494	14.5735291215579	5.38572625005915	4.68818690405859
ENST00000659376.1	9.502198047553	10.278242724116101	10.3810586288956	1.1210407016583	0.8976210416765259	0.0
ENST00000662018.1	33.2576931664355	22.425256852616897	6.2286351773373605	5.605203508291511	2.69286312502958	3.51614017804394
ENST00000662739.1	125.904124130077	155.108026563934	82.0103631682752	42.5995466630155	31.416736458678397	19.924794342249
ENST00000665870.1	32.465843329139396	28.0315710657712	42.5623403784719	11.210407016583	13.4643156251479	12.892513986161099
ENST00000668826.1	27.714744305362895	35.506656683310204	28.028858298018104	11.210407016583	8.976210416765259	5.86023363007324
ENST00000669831.1	129.071523479262	121.470141285008	149.487244256097	30.2680989447742	26.0310102086192	37.505495232468704
ENST00000672226.1	730.877399824285	713.870676474973	396.556439623812	155.824657530504	137.336019376508	181.66724253227002
ENST00000005260.9	87.1034821025691	81.2915560907364	118.34406836941002	142.372169110604	188.50041875207	226.205018120827
ENST00000053468.4	4017.05422460303	4948.50667881081	3357.2343605848305	7634.287178293041	6412.6047217371	5660.98568665075
ENST00000054666.11	1476.7999465572	1756.6451201216598	1474.11032530317	2999.9049176376197	2870.59209128153	2285.49111572856
ENST00000162749.7	261.31044630770697	170.992583501204	234.61192501304	378.911757160506	430.85810000473197	419.592727913244
ENST00000164133.7	60.180587634502295	63.5382277490814	77.85793971671691	223.08709963000197	179.524208335305	207.452270504593
ENST00000173229.7	62.5561371463906	49.52244221619579	154.677773570544	226.450221734977	201.964734377218	266.054606805325
ENST00000182527.4	975.558999548775	708.264362261819	654.006693620422	1095.25676552016	1300.65288938929	1243.54157630154
ENST00000187762.7	831.442329160887	778.3432899262469	545.0055780170189	1540.3099240785098	1429.0126983490302	1073.5948010294198
ENST00000206423.7	2.37554951188825	0.9343857021923729	1.03810586288956	32.5101803480908	40.3929468754437	3.51614017804394
ENST00000209728.9	121.94487494359699	125.207684093778	195.163902223237	303.80203014939997	268.38869146128104	278.94712079148604
ENST00000217381.3	247.057149236378	230.793268441516	147.411032530317	456.263565574929	445.220036671557	328.173083284101
ENST00000219271.4	133.030772665742	99.04488443239148	208.65927844080102	267.928727696334	329.426922295285	383.25927940679003
ENST00000219439.9	418.888563929628	491.48687935318804	455.728473808516	811.633468000611	701.939654591043	616.496577883705
ENST00000219473.11	285.857791263886	258.824839507287	243.95487777904597	544.825781005935	515.2344779223259	350.44197107838
ENST00000220659.11	140.949271038703	161.64872647928001	265.755100899727	395.727367685381	367.127006045699	557.8942415829721
ENST00000223095.5	6.33479869836867	11.2126284263085	20.7621172577912	32.5101803480908	59.2429887506507	44.537775588556606
ENST00000227880.8	34.04954300373161	18.6877140438475	37.3718110640241	69.50452350281479	78.09303062585771	50.398009218629895
ENST00000228515.6	148.075919574368	154.173640861742	227.345183972813	350.885739619049	348.276964170492	344.581737448307
ENST00000228928.12	60.180587634502295	43.91612800304149	115.229750780741	209.634611210103	247.743407502721	119.54876605349399
ENST00000229769.3	2145.91305907239	2234.1162139419603	1424.28124388448	4067.1356656163202	3955.8159306684497	4274.454409775421
ENST00000229812.8	1763.44958765838	1686.5661924572303	1352.6519393451	3503.2521926821996	3566.24839858084	3811.4959529996295
ENST00000229903.5	59.388737797206204	80.35717038854409	44.638552104251005	126.677599287388	141.824124584891	96.10783153320111
ENST00000230340.9	1133.9289670079902	1016.6116439853	847.0943841178799	1710.70811073057	1534.93198126686	1577.5748932157198
ENST00000233143.6	10312.260431106899	13349.5685272224	12692.9203855506	24291.8309642338	18953.2682949998	16402.793930575
ENST00000237281.5	642.98206788442	612.957020638197	848.13248998077	1164.76128902298	1265.6456687639	1011.4763245506401
ENST00000242208.5	0.7918498372960829	0.0	1.03810586288956	29.147058243115897	26.9286312502958	18.752747616234398
ENST00000243349.13	0.0	0.0	1.03810586288956	8.96832561326642	10.7714525001183	5.86023363007324
ENST00000244496.6	1814.1279772453302	2065.9267875473397	2027.4207502233103	4453.89470768844	4361.54064150624	4706.939651674829
ENST00000244745.4	818.77273176415	906.354131126602	1380.68079764311	2762.24428888606	2663.24163065425	3037.94511382997
ENST00000245680.7	1502.93099118797	1731.4167061624698	1774.1229196782601	2734.2182713446	2845.45870211459	2667.57834840934
ENST00000246792.4	116.401926082524	127.076455498163	152.601561844765	275.776012607943	303.395912086666	161.742448190021
ENST00000249075.4	3.95924918648042	4.671928510961861	0.0	34.752261751407396	35.0072206253845	31.6452616023955
ENST00000249344.7	91.0627312890496	103.716812943353	68.51498695071089	312.77035576266604	374.30797437911104	210.968410682637
ENST00000249504.7	0.0	0.0	0.0	12.3314477182413	6.28334729173568	5.86023363007324
ENST00000250113.12	521.829042778119	484.011793735649	639.473211539968	819.4807529122189	781.827927300254	982.175156400275
ENST00000250263.8	726.9181506378039	868.044317336714	787.922349933175	1628.87213950951	1543.0105706419502	1194.31561380893
ENST00000250360.7	0.0	0.0	4.15242345155824	61.657238591206706	65.5263360423864	24.6129812463076
ENST00000252483.10	65.72353649557489	48.5880565140034	46.7147638300302	118.83031437578	151.697956043333	84.38736427305459
ENST00000252744.6	102.940478848491	98.11049873019908	104.848692151845	180.487552966987	202.862355418895	174.63496217618302
ENST00000253122.10	5.5429488610725794	5.606314213154239	12.4572703546747	61.657238591206706	52.0620204172385	50.398009218629895
ENST00000254436.8	531.331240825672	484.011793735649	737.055162651587	888.985276415034	911.0853573016741	1050.1538665091198
ENST00000254816.6	0.0	0.0	0.0	23.5418547348244	23.338147083589696	9.37637380811718
ENST00000257013.9	232.803852165048	151.370483755164	89.2771042085021	309.407233657692	372.512732295758	244.957765737061
ENST00000257549.9	15.8369967459217	17.753328341655102	23.876434846459897	97.5305410442724	86.1716200009465	52.7421026706592
ENST00000258400.4	17.420696420513803	28.9659567679636	17.6477996691225	58.29411648623179	74.50254645915159	49.2259624926152
ENST00000260227.5	3.16739934918433	8.409471319731361	2.07621172577912	172.64026805537898	144.516987709921	48.053915766600596
ENST00000260356.6	0.7918498372960829	0.9343857021923729	12.4572703546747	44.8416280663321	70.014441250769	71.4948502868935
ENST00000260506.12	27.714744305362895	43.91612800304149	30.105070023797197	69.50452350281479	68.219199167416	79.69917736899609
ENST00000260843.5	0.0	0.0	0.0	95.2884596409558	87.069241042623	53.91414939667379
ENST00000261374.4	642.190218047123	491.48687935318804	454.690367945627	757.823514321013	914.6758414683801	808.712240950107
ENST00000261596.8	629.5206206503859	505.502664886074	492.062179009651	1001.08934658086	990.973630010884	861.4543436207659
ENST00000261811.6	102.940478848491	91.5697988148525	126.648915272526	275.776012607943	267.49107041960497	209.796363956622
ENST00000261835.8	3.16739934918433	3.73754280876949	2.07621172577912	25.783936138140998	17.054799791854	16.4086541642051
ENST00000261845.7	3719.3186857796995	4432.72577120062	6433.1420323266	9973.89912265392	9360.392222602808	8982.56610817626
ENST00000261867.5	36.425092515619795	48.5880565140034	47.7528696929197	105.37782595588001	122.076461668007	120.72081277950899
ENST00000262094.10	1145.01486473014	1352.99049677456	1548.8539474312197	2227.50787419505	2099.5356164813898	1970.2105464306198
ENST00000262291.9	2173.62780337775	2890.9893625832	2847.52438190606	6137.69784157921	5844.410602355861	3185.6230013078102
ENST00000262394.7	246.26529939908198	288.725181977443	324.927135084432	437.205873646738	413.803300212878	488.74348474810796
ENST00000262942.10	270.81264435526003	283.118867764289	324.927135084432	530.252251884377	490.9987097970599	471.16278385788803
ENST00000263073.11	96.60568015012208	95.307341623622	115.229750780741	167.035064547087	187.602797710394	164.086541642051
ENST00000263277.8	16.6288465832177	16.8189426394627	15.5715879433434	30.2680989447742	38.5977047920906	52.7421026706592
ENST00000263339.4	0.0	2.8031571065771197	8.30484690311647	25.783936138140998	18.850041875207	19.924794342249
ENST00000263461.11	1403.9497615259602	1537.99886580865	1104.54463811449	2307.1017640127898	2206.3525204408998	1987.7912473208398
ENST00000263635.8	176.582513717027	99.97927013458391	117.30596250652	216.360855420052	226.20050250248403	485.227344570064
ENST00000263734.5	144.908520225183	119.601369880624	248.107301230605	299.317867342767	341.993616878756	452.410036241654
ENST00000263960.6	224.885353792088	275.64378214674997	357.10841683400804	856.475096066943	784.520790425283	603.604063897544
ENST00000264039.7	86.31163226527309	74.7508561753898	161.944514610771	248.871035768143	250.43627062775101	359.81834488649696
ENST00000264245.9	183.70916225269102	144.829783839818	249.145407093494	337.433251199149	365.331763962346	385.60337285881894
ENST00000264433.11	973.183450036886	1045.57760075327	896.923465536579	1943.8845766754998	1995.4115756469198	1318.5525667664801
ENST00000264712.8	49.8865397496532	33.6378852789254	46.7147638300302	110.983029464172	120.28121958465401	93.7637380811718
ENST00000264716.9	26.9228944680668	20.556485448232202	87.200892482723	93.0463782376391	113.10025125124201	210.968410682637
ENST00000264832.8	314.364385406545	271.90623933797997	610.406247379061	1112.07237604504	1284.49571063911	936.4653340857041
ENST00000264870.8	1.5836996745921699	1.86877140438475	0.0	377.790716458848	385.07942687922997	235.58139192894402
ENST00000264982.8	0.0	0.0	0.0	52.688912977940205	39.4953258337671	17.5807008902197
ENST00000265018.4	0.0	0.0	0.0	3.36312210497491	3.5904841667061	32.8173083284101
ENST00000265026.8	7.91849837296083	2.8031571065771197	4.15242345155824	31.3891396464325	30.5191154170019	38.6775419584834
ENST00000265138.4	133.030772665742	189.68029754505199	413.166133430045	530.252251884377	496.384436047119	1050.1538665091198
ENST00000265198.8	27.714744305362895	20.556485448232202	110.03922146629299	1327.31219076343	1443.37463501585	552.0340079528991
ENST00000265350.9	1024.6536894611302	1285.71472621671	997.619734236866	1987.60516404017	1800.62780960311	1674.8547714749302
ENST00000265361.8	10.2940478848491	9.34385702192373	15.5715879433434	520.162885569453	427.26761583802596	303.560102037794
ENST00000265421.9	377.712372390232	426.07988019972197	403.823180664039	734.2816595861881	698.349170424337	679.787101088496
ENST00000268122.9	0.0	0.0	1.03810586288956	26.9049768397993	18.850041875207	9.37637380811718
ENST00000269081.8	1.5836996745921699	0.0	1.03810586288956	68.3834828011565	49.369157292208904	17.5807008902197
ENST00000269228.10	2370.00656302718	1674.4191783287301	1290.36558757172	4708.37094696487	5943.148916940279	2402.69578833003
ENST00000270645.8	30.0902938172512	19.6220997460398	39.448022789803204	94.1674189392974	80.7858937508873	71.4948502868935
ENST00000271277.11	45.135440725876705	51.3912136205805	51.905293144477994	91.9253375359808	100.533556667771	113.688532423421
ENST00000271588.9	0.7918498372960829	0.0	1.03810586288956	25.783936138140998	28.7238733336488	30.4732148763808
ENST00000272252.10	0.7918498372960829	2.8031571065771197	0.0	132.28280279568	113.99787229291901	17.5807008902197
ENST00000274192.7	296.943688986031	315.822367341022	358.146522696898	544.825781005935	521.517825214061	623.5288582397931
ENST00000275767.3	2.37554951188825	0.9343857021923729	4.15242345155824	29.147058243115897	23.338147083589696	18.752747616234398
ENST00000276055.4	78.3931338923122	74.7508561753898	184.782843594342	217.481896121711	203.75997646057098	319.96875620199904
ENST00000276914.7	800.5601855063401	910.091673935371	1466.8435842629501	6454.952360148511	6026.6276738161905	13238.2677703354
ENST00000278505.5	599.430326833135	626.972806171082	712.140621942238	1126.64590516659	1165.11211209613	996.239717112451
ENST00000278927.10	7.12664853566475	5.606314213154239	14.533482080453801	45.9626687679904	49.369157292208904	32.8173083284101
ENST00000279441.9	0.0	0.9343857021923729	0.0	179.366512265328	176.831345210276	42.19368213652729
ENST00000279873.12	7.12664853566475	13.081399830693199	31.1431758866868	137.888006303971	147.20985083495	131.269233313641
ENST00000280096.5	30.0902938172512	30.8347281723483	33.219387612465894	183.850675071962	137.336019376508	45.7098223145713
ENST00000280097.5	41.17619153939629	69.1445419622356	62.2863517733736	365.459268740607	280.95538604475297	169.946775272124
ENST00000282406.9	0.0	0.0	0.0	50.4468315746236	51.164399375562	30.4732148763808
ENST00000282878.6	49.8865397496532	62.603842046889	112.11543319207199	258.960402083068	256.719617919486	396.151793392951
ENST00000284273.6	2919.5503501106605	2612.54242332987	1585.18765263236	5497.58360093232	5852.48919173095	3588.80707505685
ENST00000284425.7	1.5836996745921699	0.9343857021923729	0.0	54.9309943812568	56.5501256256211	7.03228035608789
ENST00000284669.2	8.71034821025692	3.73754280876949	6.2286351773373605	89.6832561326642	81.6835147925638	17.5807008902197
ENST00000285735.6	18.212546257809898	9.34385702192373	9.34295276600603	52.688912977940205	60.140609792327204	18.752747616234398
ENST00000286201.2	81.56053324149659	84.0947131973136	187.89716118301	221.966058928344	249.538649586074	360.990391612512
ENST00000286918.9	139.365571364111	121.470141285008	133.915656312753	224.20814033166099	189.398039793747	242.613672285032
ENST00000287814.5	1.5836996745921699	0.9343857021923729	0.0	11.210407016583	11.6690735417948	8.20432708210254
ENST00000288840.10	172.623264530546	133.617155413509	192.049584634568	311.649315061008	357.253174587257	242.613672285032
ENST00000289672.6	11.0858977221452	8.409471319731361	9.34295276600603	30.2680989447742	43.0858100004732	46.8818690405859
ENST00000290510.10	1.5836996745921699	1.86877140438475	1.03810586288956	80.7149305193978	77.1954095841812	72.6668970129082
ENST00000291294.7	0.0	0.0	0.0	34.752261751407396	29.6214943753253	29.301168150366202
ENST00000291295.14	676.239761050855	585.859835274618	598.987082887276	1036.9626490339301	1115.74295480392	861.4543436207659
ENST00000293379.9	7347.574640270359	5567.070013662161	3760.0194353859797	10035.5563612451	11503.911270126398	7437.80852328896
ENST00000293443.12	63.3479869836867	51.3912136205805	40.48612865269279	97.5305410442724	110.407388126213	104.312158615304
ENST00000294066.7	42.7598912139885	30.8347281723483	34.2574934753555	72.86764560778971	88.86448312597601	63.290523204791
ENST00000295025.12	219.342404931015	174.730126309974	208.65927844080102	484.289583116387	561.013151047829	339.893550544248
ENST00000295228.4	41.9680413766924	38.30981378988729	71.6293045393796	100.893663149247	79.8882727092108	151.19402765588998
ENST00000295379.2	0.0	2.8031571065771197	0.0	10.0893663149247	10.7714525001183	11.720467260146501
ENST00000295704.7	309.613286382769	384.966909303258	399.67075721248	541.4626589009599	525.108309380768	644.625699308056
ENST00000295822.7	139.365571364111	192.483454651629	294.822065060635	433.842751541763	373.41035333743497	375.05495232468695
ENST00000295888.8	606.5569753688	572.778435443925	525.281566622117	858.71717747026	1032.264197928	775.894932621697
ENST00000296181.9	169.455865181362	175.66451201216597	264.716995036838	601.9988567905091	576.27270875633	432.48524189940497
ENST00000296351.8	36.425092515619795	21.4908711504246	24.9145407093494	102.01470385090599	89.7621041676526	42.19368213652729
ENST00000296861.2	374.544973041047	347.59148121556296	340.498723027775	756.7024736193539	826.7089793840801	1094.69164209768
ENST00000297439.4	14.2532970713295	14.950171235078	5.1905293144478	13877.3628458281	11399.7872292919	1193.14356708291
ENST00000298198.5	179.749913066211	215.843097206438	241.87866605326698	875.5327879951351	917.368704593409	918.884633195484
ENST00000298530.7	0.0	0.0	0.0	22.420814033166103	10.7714525001183	5.86023363007324
ENST00000299505.7	82.35238307879271	52.325599322772895	85.1246807569439	196.182122790203	253.12913375278	160.570401464007
ENST00000299977.9	26.9228944680668	17.753328341655102	32.1812817495763	236.539588049902	282.75062812810603	90.2475979031279
ENST00000302035.11	0.0	0.0	1.03810586288956	11.210407016583	10.7714525001183	10.5484205341318
ENST00000302495.5	43.5517410512846	50.4568279183881	17.6477996691225	140.130087707288	127.462187918067	55.0861961226884
ENST00000302514.4	0.7918498372960829	5.606314213154239	3.1143175886686802	13.4524884198996	15.2595577085009	19.924794342249
ENST00000303045.11	3.16739934918433	2.8031571065771197	4.15242345155824	132.28280279568	97.84069354274129	70.3228035608789
ENST00000303115.8	7.91849837296083	5.606314213154239	63.324457636263105	612.0882231054329	645.389528965422	1022.0247450847698
ENST00000303375.10	1113.34087123829	910.091673935371	628.054047048183	1809.3596924765	2012.4663754387698	1257.60613701372
ENST00000304760.3	9.502198047553	7.47508561753898	24.9145407093494	45.9626687679904	35.904841667061	36.3334485064541
ENST00000305366.8	1.5836996745921699	0.9343857021923729	0.0	122.19343648075501	78.9906516675343	153.538121107919
ENST00000306390.7	1088.79352628211	988.58007291953	1720.1414148079998	2356.42755488575	2242.25736210796	2211.65217198964
ENST00000306442.5	51.4702394242454	57.9319135359271	35.295599338245	159.187779635479	102.328798751124	103.140111889289
ENST00000306621.8	0.7918498372960829	3.73754280876949	40.48612865269279	2285.80199068128	1987.3329862718301	1302.14391260227
ENST00000307126.10	38.008792190212	31.7691138745407	34.2574934753555	93.0463782376391	86.1716200009465	60.94642975276171
ENST00000307851.9	10.2940478848491	14.950171235078	6.2286351773373605	124.435517884072	121.17884062633101	112.51648569740601
ENST00000308064.7	10.2940478848491	9.34385702192373	9.34295276600603	54.9309943812568	65.5263360423864	50.398009218629895
ENST00000308527.5	475.901752214946	394.31076632518096	362.29894614845597	615.451345210408	775.5445800085181	642.281605856027
ENST00000308942.4	2.37554951188825	2.8031571065771197	2.07621172577912	24.6628954364827	14.3619366668244	12.892513986161099
ENST00000309100.8	192.419510462948	169.123812096819	201.39253740057399	313.891396464325	309.679259378401	359.81834488649696
ENST00000309166.8	913.002862402384	967.089201769106	963.362240761511	1803.7544889682101	1639.05602210134	1726.42482741958
ENST00000309539.8	0.0	0.0	0.0	86.3201340276893	57.4477466672976	17.5807008902197
ENST00000310624.7	0.7918498372960829	0.0	0.0	13.4524884198996	13.4643156251479	8.20432708210254
ENST00000310942.9	766.5106425026089	638.185434597391	1033.953439438	1377.7590223380498	1402.0840670987302	1298.62777242423
ENST00000310958.10	243.097900049898	213.03994009986098	197.240113949016	372.18551295055704	412.905679171202	282.46326096953
ENST00000311268.8	17.420696420513803	18.6877140438475	31.1431758866868	51.5678722762819	52.0620204172385	91.4196446291425
ENST00000311601.6	76.8094342177201	56.0631421315424	50.8671872815884	122.19343648075501	141.824124584891	94.93578480718651
ENST00000311922.4	9.502198047553	16.8189426394627	40.48612865269279	103.13574455256399	122.076461668007	130.097186587626
ENST00000313766.6	171.83141469325	134.551541115702	216.964125343918	281.38121611623404	286.34111229481204	284.807354421559
ENST00000314011.9	34.8413928410277	38.30981378988729	28.028858298018104	95.2884596409558	78.09303062585771	97.27987825921579
ENST00000315274.7	155.20256811003202	223.31818282397703	1578.9590174550199	18135.0754307264	15860.963806424199	28426.8212927593
ENST00000315323.5	186.876561601876	191.549068949436	206.583066715022	320.61764067427504	341.993616878756	259.02232644923697
ENST00000315707.3	50.6783895869493	65.4069991534661	55.0196107331466	113.225110867489	97.84069354274129	100.79601843726
ENST00000315792.5	0.0	0.0	0.0	22.420814033166103	26.9286312502958	5.86023363007324
ENST00000316985.7	195.586909812133	191.549068949436	216.964125343918	285.865378922867	297.11256479492994	376.226999050702
ENST00000317702.10	102.148629011195	105.58558434773799	141.18239735298	237.66062875156	228.893365627514	241.44162555901698
ENST00000317995.5	0.0	0.0	0.0	125.55655858573	92.4549672926821	98.4519249852304
ENST00000318121.8	251.808248260154	269.103082231403	308.317441278199	485.41062381804494	490.101088755383	378.571092502731
ENST00000318238.9	3.16739934918433	2.8031571065771197	3.1143175886686802	34.752261751407396	31.416736458678397	4.68818690405859
ENST00000318753.13	30.8821436545472	34.5722709811178	13.495376217564301	91.9253375359808	77.1954095841812	49.2259624926152
ENST00000319170.10	0.0	0.0	0.0	10.0893663149247	11.6690735417948	17.5807008902197
ENST00000319211.5	127.487823804669	145.76416954201	93.42952766006029	530.252251884377	560.115530006152	176.97905562821202
ENST00000319921.4	42.7598912139885	33.6378852789254	49.8290814186988	85.199093326031	84.3763779175934	94.93578480718651
ENST00000319974.6	1276.46193772129	1388.49715345787	1488.64380738363	2791.39134712917	2633.62013627893	1868.2424812673498
ENST00000320717.8	377.712372390232	374.688666579142	426.661509647609	637.872159243574	657.9562235488929	846.217736182576
ENST00000320955.8	14.2532970713295	22.425256852616897	4.15242345155824	54.9309943812568	43.9834310421498	30.4732148763808
ENST00000321764.4	17.420696420513803	14.950171235078	30.105070023797197	41.4785059613572	43.9834310421498	101.968065163274
ENST00000322475.12	44.34359088858071	38.30981378988729	86.16278661983341	132.28280279568	139.13126145986098	145.333794025816
ENST00000323557.11	163.912916320289	135.485926817894	178.55420841700402	230.93438454161	254.924375836133	284.807354421559
ENST00000324460.7	2851.4512641032	2329.42355556559	3152.7275055955897	4523.39923119125	4661.3460694262	4209.991839844621
ENST00000327773.7	2.37554951188825	1.86877140438475	3.1143175886686802	21.2997733315078	16.1571787501775	9.37637380811718
ENST00000327857.7	0.7918498372960829	0.9343857021923729	0.0	33.6312210497491	26.0310102086192	8.20432708210254
ENST00000328089.11	39.5924918648042	30.8347281723483	71.6293045393796	257.83936138141	218.121913127396	203.936130326549
ENST00000328194.8	202.713558347797	181.27082622531998	128.725126998305	289.228501027842	325.836438128579	243.78571901104698
ENST00000328459.11	99.7730794993065	88.76664170827542	74.7436221280483	154.703616828846	185.807555627041	132.441280039655
ENST00000328631.10	473.526202703058	508.305821992651	473.376273477639	853.1119739619679	838.378052925875	859.110250168737
ENST00000328933.10	102.148629011195	78.4883989841593	112.11543319207199	164.792983143771	184.909934585364	160.570401464007
ENST00000329421.8	375.33682287834296	277.512553551135	475.45248520341795	823.964915718853	967.6354829272951	811.0563344021359
ENST00000329565.6	718.207802427547	677.42963408947	696.569033998894	1603.08820337137	1525.95577085009	983.34720312629
ENST00000330368.3	35.633242678323704	34.5722709811178	53.9815048702571	87.4411747293476	81.6835147925638	92.59169135515721
ENST00000330539.1	47.510990237765	43.91612800304149	39.448022789803204	139.00904700563	122.076461668007	147.67788747784599
ENST00000330651.11	39.5924918648042	56.0631421315424	73.7055162651587	283.623297519551	245.050544377691	256.678232997208
ENST00000330843.9	41.17619153939629	38.30981378988729	46.7147638300302	105.37782595588001	123.87170375136101	171.118821998139
ENST00000331163.11	0.0	0.0	0.0	14.5735291215579	17.054799791854	23.440934520293002
ENST00000331238.7	10.2940478848491	6.54069991534661	18.685905532012104	42.5995466630155	46.6762941671793	42.19368213652729
ENST00000331569.6	63.3479869836867	69.1445419622356	57.0958224589258	171.51922735372	160.674166460098	187.52747616234402
ENST00000332345.10	6.33479869836867	2.8031571065771197	2.07621172577912	33.6312210497491	18.850041875207	21.0968410682637
ENST00000332624.8	552.7111864326661	549.418792889115	666.4639639750969	893.469439221667	942.5020937603521	891.9275584971471
ENST00000333055.8	17.420696420513803	29.9003424701559	41.5242345155824	67.2624420994982	73.60492541747509	57.430289574717705
ENST00000333244.6	6.33479869836867	8.409471319731361	14.533482080453801	289.228501027842	400.33898458772995	327.001036558087
ENST00000333437.5	41.9680413766924	40.178585194271996	31.1431758866868	189.455878580253	201.964734377218	169.946775272124
ENST00000334077.6	2.37554951188825	2.8031571065771197	3.1143175886686802	73.988686309448	61.93585187568029	21.0968410682637
ENST00000334304.10	445.811458397695	576.515978252694	491.024073146762	2202.84497875857	2120.18090043995	1799.09172443248
ENST00000334464.7	11146.870159617	11745.2282765581	8933.93905602755	19413.0618306168	20375.1000250155	13275.773265567901
ENST00000335999.7	87.8953319398652	45.7848994074263	57.0958224589258	113.225110867489	126.56456687639	126.581046409582
ENST00000336498.8	37.2169423529159	36.4410423855025	69.5530928136005	117.709273674122	113.10025125124201	107.82829879334801
ENST00000337190.7	460.85660530632003	442.898822839185	570.958224589258	874.411747293476	870.69241042623	1086.4873150155802
ENST00000337231.5	117.985625757116	100.913655836776	146.372926667428	207.392529806786	219.019534169072	237.925485380974
ENST00000337908.5	28.506594142659	33.6378852789254	18.685905532012104	190.576919281912	158.878924376745	66.8066633828349
ENST00000338379.5	0.7918498372960829	0.0	4.15242345155824	23.5418547348244	15.2595577085009	26.957074698336896
ENST00000338863.12	50.6783895869493	37.3754280876949	42.5623403784719	93.0463782376391	99.6359356260944	146.505840751831
ENST00000339766.8	187.668411439172	212.10555439766898	227.345183972813	498.863112237945	450.60576292161596	500.463952008255
ENST00000340258.10	1167.97851001172	1235.2578982983198	1015.26753390599	2029.0836700015302	2029.5211752306197	1710.01617325537
ENST00000341376.10	829.8586294862951	923.173073766064	951.9430762697259	1878.86421597932	1613.02501189272	1890.51136906163
ENST00000341700.7	0.7918498372960829	0.0	1.03810586288956	16.815610524874497	7.18096833341221	10.5484205341318
ENST00000341893.8	404.635266858299	512.9777505036129	590.682235984159	761.186636425988	774.646958966842	805.196100772063
ENST00000343307.5	394.34121897344903	488.683722246611	769.236444401163	1210.72395779097	1179.47404876295	1077.11094120746
ENST00000347230.9	338.911730362724	315.822367341022	160.906408747882	618.814467315383	754.0016750082809	385.60337285881894
ENST00000348956.7	66.515386332871	55.128756429350005	29.0669641609077	121.07239577909701	116.69073541794799	89.07555117711321
ENST00000349533.10	7.91849837296083	2.8031571065771197	12.4572703546747	21.2997733315078	27.8262522919723	41.02163541051271
ENST00000354480.2	270.81264435526003	280.315710657712	279.250477117291	521.283926271111	524.210688339091	403.184073749039
ENST00000355303.9	0.0	0.0	1.03810586288956	8.96832561326642	13.4643156251479	8.20432708210254
ENST00000355417.7	294.568139474143	292.462724786213	339.460617164886	551.552025215885	475.739152088559	548.517867774855
ENST00000355537.4	55.42948861072579	69.1445419622356	43.6004462413615	139.00904700563	142.72174562656798	83.21531754704
ENST00000355689.6	213.007606232646	294.331496190597	181.668526005673	451.779402768296	387.77229000425905	315.28056929793996
ENST00000356736.5	2.37554951188825	3.73754280876949	4.15242345155824	66.1414013978399	59.2429887506507	11.720467260146501
ENST00000356956.5	1674.7624058812198	1186.66984178431	1954.7533398210398	2919.1899871182204	3393.90515857894	3772.81841104115
ENST00000357085.5	513.910544405158	526.9935360364981	660.23532879776	1106.46717253675	969.4307250106481	1243.54157630154
ENST00000358671.9	6.33479869836867	3.73754280876949	15.5715879433434	82.9570119227144	56.5501256256211	43.365728862542
ENST00000359062.3	2.37554951188825	0.9343857021923729	0.0	30.2680989447742	32.3143575003549	22.268887794278303
ENST00000359172.3	0.7918498372960829	3.73754280876949	0.0	39.236424558040596	47.573915208855894	28.129121424351503
ENST00000359195.3	6.33479869836867	12.1470141285008	11.4191644917852	52.688912977940205	31.416736458678397	28.129121424351503
ENST00000359314.5	1387.3209149427403	1488.47642359245	1360.95678624821	2561.57800328922	2384.97910773453	2347.6095922073396
ENST00000359534.4	1659.7172589725901	1347.3841825614	1374.45216246578	2052.62552473635	2135.44045814845	2732.04091834014
ENST00000360314.7	0.0	1.86877140438475	1.03810586288956	19.0576919281912	10.7714525001183	29.301168150366202
ENST00000360467.7	2417.51755326494	2138.80887231834	2060.64013783578	4800.296284500851	4822.0202358863	2614.83624573868
ENST00000361131.5	83.14423291608871	73.8164704731975	95.5057393858394	373.306553652215	386.87466896258303	237.925485380974
ENST00000361357.7	121.153025106301	118.666984178431	116.267856643631	223.08709963000197	230.68860771086702	180.495195806256
ENST00000362003.9	283.482241751998	284.98763916867404	296.898276786414	502.22623434292	513.439235838973	455.92617641969804
ENST00000366844.7	186.876561601876	201.827311673553	188.9352670459	336.312210497491	293.522080628224	331.689223462145
ENST00000367089.8	548.751937246186	534.4686216540371	607.291929790392	1365.42757461981	1296.1647841809	882.5511846890302
ENST00000367097.8	114.026376570636	120.53575558281601	105.88679801473499	298.196826641109	286.34111229481204	263.710513353296
ENST00000367145.4	165.496615994881	174.730126309974	236.68813673882005	328.464925585883	391.36277417096494	250.817999367135
ENST00000367351.4	38.008792190212	41.112970896464404	70.59119867649	165.914023845429	192.090902918776	130.097186587626
ENST00000367463.5	331.785081827059	329.83815287390803	465.071426574523	762.307677127646	759.387401258341	732.5292037591549
ENST00000367651.4	32.465843329139396	49.52244221619579	22.8383289835703	97.5305410442724	100.533556667771	50.398009218629895
ENST00000367771.11	96.60568015012208	113.060669965277	120.420280095189	233.17646594492697	239.66481812763197	135.957420217699
ENST00000367948.6	23.7554951188825	29.9003424701559	28.028858298018104	716.345008359656	623.846623965185	457.09822314571295
ENST00000368468.4	0.0	0.0	0.0	161.429861038796	166.059892710157	144.161747299802
ENST00000368671.4	0.0	4.671928510961861	1.03810586288956	261.202483486385	213.63380791901298	227.377064846842
ENST00000368985.8	538.4578893613369	668.085777067547	493.10028487254095	1760.0339016035398	1470.3032662661499	793.475633511917
ENST00000369682.4	130.655223153854	103.716812943353	133.915656312753	408.05881540362196	511.64399375562004	437.173428803464
ENST00000369800.6	148.867769411664	122.40452698720101	251.221618819273	362.096146635632	378.796079587494	509.840325816372
ENST00000370466.4	55.42948861072579	69.1445419622356	119.38217423229901	275.776012607943	274.67203875301703	124.236952957553
ENST00000370708.8	909.043613215904	1032.4962009225699	1650.5883219944	2493.19452048807	2500.7722221107997	2865.65424510581
ENST00000370747.9	0.0	2.8031571065771197	1.03810586288956	188.334837878595	150.800335001656	18.752747616234398
ENST00000370765.10	27.714744305362895	26.162799661386398	47.7528696929197	61.657238591206706	92.4549672926821	94.93578480718651
ENST00000370982.4	555.086735944554	632.579120384236	677.883128466882	1263.41287076891	1183.0645329296601	1288.0793518901
ENST00000371222.4	360.291675969718	265.365539422634	804.532043739408	1619.90381389625	1738.69195772743	2608.97601210861
ENST00000371571.5	29.298443979955103	27.097185363578802	15.5715879433434	72.86764560778971	70.014441250769	64.4625699308056
ENST00000371634.7	433.141861000957	442.898822839185	223.192760521255	941.674189392974	814.142284800609	679.787101088496
ENST00000371795.5	15.0451469086256	21.4908711504246	52.943399007367496	217.481896121711	189.398039793747	57.430289574717705
ENST00000372014.5	2114.23906558054	2609.7392662233	2058.56392611	4941.5474129098	4139.82824421214	3105.92382393882
ENST00000372336.4	197.96245932402098	182.205211927513	165.05883219944	306.044111552717	283.648249169782	273.086887161413
ENST00000372733.3	524.996442127303	395.245152027374	737.055162651587	1385.60630724966	1489.15330814136	1100.55187572775
ENST00000372808.4	38.800642027508104	24.2940282570017	23.876434846459897	71.74660490613141	61.038230834003706	71.4948502868935
ENST00000372836.5	1134.72081684529	1016.6116439853	640.511317402858	2090.74090859273	2069.91412210607	1517.80051018897
ENST00000372876.2	1027.0292389730198	1218.4389556588499	831.522796174537	1940.52145457052	1709.9680843937801	1567.0264726815801
ENST00000373491.3	547.9600874088901	428.883037306299	273.021841939954	794.817857475737	866.204305217847	593.0556433634121
ENST00000373548.8	4461.28198332613	4982.14456408973	5036.88964674014	7990.77812142038	7454.74275112355	6933.82843110266
ENST00000373620.7	16.6288465832177	17.753328341655102	18.685905532012104	108.740948060855	103.2264197928	89.07555117711321
ENST00000373699.6	2579.84676991064	3118.04508821595	2313.93796838083	4461.74199260005	3982.7445619187397	4218.19616692672
ENST00000373731.7	98.1893798247143	109.32312715650801	84.0865748940543	188.334837878595	194.783766043806	198.07589669647498
ENST00000373943.9	697.619706657849	787.68714694817	751.588644732041	1308.25449883524	1271.9290160556402	1228.30496886335
ENST00000373960.4	0.7918498372960829	0.9343857021923729	0.0	58.29411648623179	51.164399375562	4.68818690405859
ENST00000374139.6	0.0	0.9343857021923729	0.0	16.815610524874497	13.4643156251479	1.1720467260146499
ENST00000374148.1	17.420696420513803	13.081399830693199	26.9907524351285	135.645924900655	115.79311437627199	49.2259624926152
ENST00000374151.7	3.95924918648042	2.8031571065771197	3.1143175886686802	23.5418547348244	37.7000837504141	11.720467260146501
ENST00000374213.3	22.9636452815864	32.7034995767331	12.4572703546747	62.778279292865	52.0620204172385	127.753093135597
ENST00000374282.8	57.013188285318	59.800684940311896	66.43877522493179	118.83031437578	122.076461668007	98.4519249852304
ENST00000374692.8	64.13983682098271	77.5540132819669	56.05771659603621	168.156105248745	133.745535209802	87.9035044510986
ENST00000374759.8	722.167051614028	510.174593397036	763.007809223826	1544.7940868851401	1639.95364314301	1824.87675240481
ENST00000374975.4	68.09908600746321	58.866299238119495	32.1812817495763	299.317867342767	306.986396253372	86.7314577250839
ENST00000375078.4	22.1717954442903	19.6220997460398	13.495376217564301	52.688912977940205	52.0620204172385	51.5700559446445
ENST00000375377.2	28.506594142659	29.9003424701559	26.9907524351285	50.4468315746236	59.2429887506507	69.15075683486421
ENST00000376350.8	9.502198047553	13.081399830693199	6.2286351773373605	62.778279292865	66.4239570840629	46.8818690405859
ENST00000376729.10	18.212546257809898	14.950171235078	24.9145407093494	53.8099536795985	69.11682020909251	67.9787101088496
ENST00000376752.8	1.5836996745921699	1.86877140438475	7.26674104022691	22.420814033166103	18.850041875207	15.2366074381904
ENST00000376755.1	34.04954300373161	37.3754280876949	57.0958224589258	95.2884596409558	92.4549672926821	112.51648569740601
ENST00000377102.5	30.8821436545472	24.2940282570017	21.8002231206807	82.9570119227144	68.219199167416	43.365728862542
ENST00000377443.7	0.0	0.9343857021923729	0.0	70.6255642044731	81.6835147925638	26.957074698336896
ENST00000377793.9	213.799456069942	243.87466827220902	234.61192501304	355.36990242568197	381.48894271252294	375.05495232468695
ENST00000378230.8	315.156235243841	206.499240184514	230.459501561482	441.69003645337096	508.05350958891404	403.184073749039
ENST00000378827.5	9.502198047553	7.47508561753898	8.30484690311647	52.688912977940205	52.959641458915	35.1614017804394
ENST00000379561.6	108.483427709563	120.53575558281601	147.411032530317	196.182122790203	198.374250210512	260.194373175252
ENST00000379965.8	296.151839148735	380.294980792296	426.661509647609	1078.4411549952902	876.975757717966	325.828989832072
ENST00000379999.6	6.33479869836867	6.54069991534661	5.1905293144478	23.5418547348244	22.4405260419131	19.924794342249
ENST00000380605.3	57.8050381226141	58.866299238119495	253.297830545052	504.468315746236	562.808393131182	586.023363007324
ENST00000380615.8	159.953667133809	153.239255159549	280.288582980181	384.516960668798	350.969827295522	369.19471869461404
ENST00000380659.4	0.0	0.0	1.03810586288956	14.5735291215579	10.7714525001183	7.03228035608789
ENST00000380861.8	961.305702477445	846.55344618629	1069.24903877625	1659.14023845429	1772.8015573111397	1521.31665036701
ENST00000380872.9	0.0	0.0	0.0	53.8099536795985	45.7786731255028	21.0968410682637
ENST00000381318.8	19.7962459324021	24.2940282570017	19.724011394901602	42.5995466630155	50.266778333885405	50.398009218629895
ENST00000381440.4	129.863373316558	106.51997004993099	176.477996691225	301.55994874608297	301.600670003313	329.345130010116
ENST00000382363.8	162.32921664569702	158.845569372703	167.135043925219	271.291849801309	253.12913375278	282.46326096953
ENST00000383925.1	63.3479869836867	72.8820847710051	94.46763352294991	152.461535425529	126.56456687639	134.78537349168502
ENST00000388995.11	2.37554951188825	0.9343857021923729	0.0	176.003390160354	170.54799791853998	288.323494599603
ENST00000389131.8	33.2576931664355	22.425256852616897	32.1812817495763	39.236424558040596	60.140609792327204	151.19402765588998
ENST00000389567.9	75.22573454312791	81.2915560907364	94.46763352294991	439.447955050055	511.64399375562004	263.710513353296
ENST00000389617.9	127.487823804669	120.53575558281601	113.15353905496201	221.966058928344	238.767197085956	179.32314908024102
ENST00000391911.5	7.91849837296083	4.671928510961861	8.30484690311647	20.1787326298495	26.0310102086192	26.957074698336896
ENST00000392583.6	6.33479869836867	3.73754280876949	3.1143175886686802	66.1414013978399	84.3763779175934	7.03228035608789
ENST00000392621.6	3.16739934918433	5.606314213154239	9.34295276600603	21.2997733315078	19.747662916883602	25.7850279723223
ENST00000393310.5	7.91849837296083	2.8031571065771197	14.533482080453801	62.778279292865	58.3453677089742	67.9787101088496
ENST00000393409.2	534.4986401748561	406.457780453682	627.0159411852941	902.4377648349339	1026.87847167795	982.175156400275
ENST00000393567.7	2.37554951188825	6.54069991534661	13.495376217564301	24.6628954364827	26.9286312502958	48.053915766600596
ENST00000394142.7	9.502198047553	9.34385702192373	13.495376217564301	34.752261751407396	25.133389166942703	45.7098223145713
ENST00000394253.7	292.192589962255	306.478510319098	173.363679102556	547.067862409252	623.846623965185	379.74313922874603
ENST00000394323.3	1.5836996745921699	3.73754280876949	3.1143175886686802	106.49886665753901	136.438398334832	41.02163541051271
ENST00000395297.6	27.714744305362895	40.178585194271996	34.2574934753555	218.602936823369	244.15292333601502	82.04327082102542
ENST00000395384.9	94.23013063823392	96.2417273258144	41.5242345155824	209.634611210103	229.79098666919103	175.807008902197
ENST00000395925.8	0.0	0.9343857021923729	0.0	10.0893663149247	22.4405260419131	14.064560712175801
ENST00000396184.7	1.5836996745921699	0.0	6.2286351773373605	75.1097270111063	50.266778333885405	51.5700559446445
ENST00000396776.6	8.71034821025692	6.54069991534661	9.34295276600603	42.5995466630155	33.211978542031396	29.301168150366202
ENST00000396987.7	2187.8811004490803	1951.93173187987	2170.67935930207	3853.01689159959	3943.2492360849797	4376.422474938689
ENST00000397536.6	24.547344956178602	23.359642554809298	36.3337052011346	54.9309943812568	66.4239570840629	63.290523204791
ENST00000397558.6	75.22573454312791	94.3729559214297	102.772480426066	162.550901740454	150.800335001656	166.43063509408
ENST00000399429.8	19.004396095106	13.081399830693199	5.1905293144478	109.861988762514	145.414608751597	24.6129812463076
ENST00000400256.5	58.596887959910205	31.7691138745407	31.1431758866868	115.467192270805	117.58835645962499	52.7421026706592
ENST00000403714.8	48.3028400750611	28.9659567679636	34.2574934753555	104.256785254222	121.17884062633101	82.04327082102542
ENST00000404377.3	0.0	0.9343857021923729	0.0	29.147058243115897	22.4405260419131	10.5484205341318
ENST00000405755.6	3.16739934918433	5.606314213154239	7.26674104022691	71.74660490613141	76.2977885425047	60.94642975276171
ENST00000407479.5	89.4790316144574	78.4883989841593	99.65816283739771	155.824657530504	168.752755835187	175.807008902197
ENST00000409085.9	553.503036269962	459.717765478647	890.6948303592419	1382.24318514469	1626.4893275178601	1401.76788431352
ENST00000409223.2	17.420696420513803	7.47508561753898	12.4572703546747	53.8099536795985	65.5263360423864	73.8389437389228
ENST00000415237.1	52.2620892615415	67.2757705578508	15.5715879433434	384.516960668798	390.46515312928904	116.03262587545
ENST00000417443.3	11.877747559441199	21.4908711504246	4.15242345155824	42.5995466630155	45.7786731255028	31.6452616023955
ENST00000422989.5	484.61210042520304	393.37638062298896	663.349646386428	913.6481718515171	938.911609593646	1070.07866085137
ENST00000424970.6	35.633242678323704	51.3912136205805	32.1812817495763	82.9570119227144	103.2264197928	86.7314577250839
ENST00000425611.7	72.85018503123959	84.0947131973136	121.458385958078	215.239814718394	199.271871252189	160.570401464007
ENST00000426775.1	0.0	0.0	0.0	7.84728491160812	12.566694583471401	3.51614017804394
ENST00000427522.6	13.4614472340334	7.47508561753898	35.295599338245	84.0780526243727	68.219199167416	25.7850279723223
ENST00000429530.1	7.91849837296083	12.1470141285008	30.105070023797197	97.5305410442724	103.2264197928	188.699522888358
ENST00000430050.2	2.37554951188825	2.8031571065771197	3.1143175886686802	20.1787326298495	21.5429050002366	5.86023363007324
ENST00000432648.8	505.20019619490097	541.943707271576	630.130258773962	965.216044127799	825.811358342404	883.723231415045
ENST00000433230.1	0.0	0.0	0.0	59.4151571878901	46.6762941671793	48.053915766600596
ENST00000433688.2	225.677203629384	210.236782993284	392.404016172253	662.535054680057	681.294370632483	727.841016855096
ENST00000433765.3	3.95924918648042	1.86877140438475	4.15242345155824	24.6628954364827	21.5429050002366	9.37637380811718
ENST00000434344.2	0.0	0.0	3.1143175886686802	12.3314477182413	23.338147083589696	18.752747616234398
ENST00000434837.8	15.8369967459217	18.6877140438475	28.028858298018104	85.199093326031	106.816903959507	76.18303719095209
ENST00000437601.2	3.95924918648042	2.8031571065771197	15.5715879433434	32.5101803480908	26.0310102086192	31.6452616023955
ENST00000440804.7	1.5836996745921699	0.0	1.03810586288956	38.1153838563823	23.338147083589696	15.2366074381904
ENST00000441178.2	29.298443979955103	42.981742300849106	42.5623403784719	80.7149305193978	93.35258833435871	66.8066633828349
ENST00000442561.7	49.094689912357204	49.52244221619579	57.0958224589258	95.2884596409558	78.9906516675343	158.226308011977
ENST00000443171.6	0.7918498372960829	2.8031571065771197	1.03810586288956	12.3314477182413	12.566694583471401	14.064560712175801
ENST00000446192.2	22.1717954442903	17.753328341655102	14.533482080453801	60.5361978895484	43.9834310421498	64.4625699308056
ENST00000446378.3	25.339194793474697	25.228413959194103	26.9907524351285	57.1730757845734	61.93585187568029	63.290523204791
ENST00000447544.7	560.629684805627	677.42963408947	841.9038548034331	1760.0339016035398	1561.86061251715	2837.52512368146
ENST00000448698.1	278.731142728221	303.67535321252103	222.154654658366	458.505646978246	425.472373754673	436.001382077449
ENST00000449457.1	9.502198047553	9.34385702192373	30.105070023797197	59.4151571878901	75.4001675008282	71.4948502868935
ENST00000449768.2	28.506594142659	30.8347281723483	13.495376217564301	233.17646594492697	202.862355418895	52.7421026706592
ENST00000450443.1	53.0539390988376	63.5382277490814	85.1246807569439	169.277145950404	154.39081916836201	132.441280039655
ENST00000452357.6	6.33479869836867	6.54069991534661	9.34295276600603	72.86764560778971	49.369157292208904	14.064560712175801
ENST00000460006.6	2736.63303769526	2591.9859378816395	2351.30977944485	4720.7023946831105	4519.521944841311	3538.40906583822
ENST00000467148.1	20.5880957696982	22.425256852616897	64.3625634991527	249.99207646980202	260.310102086192	92.59169135515721
ENST00000469435.1	45.9272905631728	56.9975278337347	174.401784965446	195.061082088545	163.367029585128	325.828989832072
ENST00000470357.1	60.180587634502295	81.2915560907364	65.40066936204221	145.735291215579	129.25743000142	148.84993420386002
ENST00000474629.7	948.636105080708	1014.74287258092	981.0100404306329	1786.9388784433302	1904.7518504375896	1088.8314084676101
ENST00000480694.2	32.465843329139396	30.8347281723483	17.6477996691225	355.36990242568197	356.35555354558096	214.484550860681
ENST00000484980.5	63.3479869836867	68.2101562600432	102.772480426066	169.277145950404	161.571787501775	113.688532423421
ENST00000487099.7	117.985625757116	84.0947131973136	76.8198338538274	162.550901740454	208.248081668954	145.333794025816
ENST00000487273.7	2156.2071069572303	2308.86707011735	1464.7673725371699	5845.106218446391	5904.55121214819	3273.52650575891
ENST00000487698.5	707.121904705402	914.763602446333	634.2826822255211	1733.1289247637399	1826.6588198117302	961.0783153320109
ENST00000489637.3	33.2576931664355	46.719285109618596	46.7147638300302	121.07239577909701	111.305009167889	84.38736427305459
ENST00000491511.6	30.8821436545472	18.6877140438475	26.9907524351285	63.899319994523296	92.4549672926821	63.290523204791
ENST00000496166.6	644.565767559012	783.9496041394009	907.304524165475	1308.25449883524	1347.3291835564698	1068.90661412536
ENST00000502274.1	1.5836996745921699	0.9343857021923729	0.0	10.0893663149247	12.566694583471401	15.2366074381904
ENST00000502482.1	7.12664853566475	6.54069991534661	5.1905293144478	20.1787326298495	19.747662916883602	31.6452616023955
ENST00000502575.1	1.5836996745921699	1.86877140438475	3.1143175886686802	25.783936138140998	9.87383145844178	14.064560712175801
ENST00000507579.1	7.91849837296083	5.606314213154239	11.4191644917852	33.6312210497491	35.0072206253845	15.2366074381904
ENST00000507644.2	0.0	0.0	0.0	23.5418547348244	33.211978542031396	23.440934520293002
ENST00000508296.5	0.7918498372960829	0.9343857021923729	1.03810586288956	66.1414013978399	49.369157292208904	75.01099046493749
ENST00000512730.1	0.0	0.0	0.0	20.1787326298495	12.566694583471401	8.20432708210254
ENST00000514265.1	0.7918498372960829	1.86877140438475	1.03810586288956	19.0576919281912	21.5429050002366	22.268887794278303
ENST00000515403.5	2.37554951188825	2.8031571065771197	0.0	35.873302453065705	39.4953258337671	18.752747616234398
ENST00000515425.6	1.5836996745921699	3.73754280876949	7.26674104022691	28.026017541457602	53.857262500591496	64.4625699308056
ENST00000515614.3	4.7510990237765	4.671928510961861	13.495376217564301	21.2997733315078	16.1571787501775	50.398009218629895
ENST00000518934.1	0.7918498372960829	0.0	0.0	307.165152254375	282.75062812810603	66.8066633828349
ENST00000518947.6	2.37554951188825	2.8031571065771197	5.1905293144478	13.4524884198996	17.9524208335305	16.4086541642051
ENST00000519638.3	2386.6354096103896	2809.69780649247	1905.96236426523	6026.71481211504	5596.667194853139	3982.6147749977704
ENST00000520370.1	0.0	0.9343857021923729	4.15242345155824	567.2465950391011	509.848751672267	260.194373175252
ENST00000522980.1	0.0	0.0	0.0	12.3314477182413	22.4405260419131	10.5484205341318
ENST00000524189.6	228.844602978568	201.827311673553	176.477996691225	415.90610031522993	471.25104688017603	338.721503818233
ENST00000524717.6	18.212546257809898	15.8845569372703	50.8671872815884	84.0780526243727	79.8882727092108	114.86057914943501
ENST00000526627.1	5.5429488610725794	10.278242724116101	18.685905532012104	65.0203606961816	68.219199167416	9.37637380811718
ENST00000528577.5	1.5836996745921699	0.9343857021923729	1.03810586288956	10.0893663149247	7.18096833341221	21.0968410682637
ENST00000530572.1	0.0	0.0	0.0	15.6945698232162	8.976210416765259	3.51614017804394
ENST00000532414.3	126.695973967373	117.73259847623899	85.1246807569439	375.548635055531	359.94603771228697	232.0652517509
ENST00000539281.5	23.7554951188825	20.556485448232202	16.6096938062329	191.69795998356997	184.012313543688	91.4196446291425
ENST00000540753.6	19.004396095106	19.6220997460398	29.0669641609077	66.1414013978399	67.3215781257394	43.365728862542
ENST00000544225.1	0.0	0.0	0.0	165.914023845429	189.398039793747	164.086541642051
ENST00000549278.2	0.0	0.0	0.0	30.2680989447742	29.6214943753253	7.03228035608789
ENST00000550263.2	9.502198047553	16.8189426394627	24.9145407093494	49.3257908729653	48.471536250532395	44.537775588556606
ENST00000557547.1	0.0	0.0	0.0	20.1787326298495	4.488105208382629	7.03228035608789
ENST00000562918.5	22.1717954442903	18.6877140438475	33.219387612465894	57.1730757845734	50.266778333885405	58.602336300732404
ENST00000567032.5	0.7918498372960829	0.0	1.03810586288956	15.6945698232162	23.338147083589696	56.2582428487031
ENST00000568418.1	0.0	0.0	0.0	15.6945698232162	8.07858937508873	15.2366074381904
ENST00000570080.1	26.9228944680668	28.0315710657712	47.7528696929197	94.1674189392974	83.47875687591691	94.93578480718651
ENST00000570137.7	513.910544405158	502.69950777949697	718.3692571195751	980.910613951015	994.56411417759	1020.8526983587599
ENST00000572856.1	3.95924918648042	3.73754280876949	9.34295276600603	20.1787326298495	25.133389166942703	19.924794342249
ENST00000577066.2	355.540576945941	278.446939253327	317.660394044205	634.5090371385991	657.0586025072171	632.90523204791
ENST00000578049.4	2496.70253699455	2968.5433758651698	3893.9350916987396	8033.3776680834	7491.54521383228	7443.66875691903
ENST00000578921.6	1282.79673641965	1470.72309525079	1462.69116081139	2657.98750363184	2664.1392516959304	1797.91967770647
ENST00000579212.1	144.116670387887	199.95854026916803	175.439890828336	346.401576812416	341.09599583707995	235.58139192894402
ENST00000579458.1	6.33479869836867	11.2126284263085	2.07621172577912	50.4468315746236	35.0072206253845	18.752747616234398
ENST00000595464.3	17.420696420513803	13.081399830693199	23.876434846459897	45.9626687679904	48.471536250532395	43.365728862542
ENST00000602501.5	0.0	2.8031571065771197	2.07621172577912	12.3314477182413	12.566694583471401	12.892513986161099
ENST00000604982.2	53.0539390988376	57.9319135359271	67.4768810878214	106.49886665753901	104.124040834477	106.65625206733299
ENST00000605896.1	26.9228944680668	25.228413959194103	11.4191644917852	43.7205873646738	59.2429887506507	79.69917736899609
ENST00000606796.1	22.9636452815864	17.753328341655102	8.30484690311647	87.4411747293476	96.94307250106479	29.301168150366202
ENST00000606831.1	3.95924918648042	6.54069991534661	17.6477996691225	89.6832561326642	70.9120622924455	85.5594109990693
ENST00000607197.6	272.39634402985297	272.840625040173	198.278219811906	501.105193641261	496.384436047119	380.91518595476094
ENST00000607772.6	183.70916225269102	186.877140438475	195.163902223237	327.343884884224	431.755721046409	360.990391612512
ENST00000608729.1	35.633242678323704	42.981742300849106	28.028858298018104	78.47284911608119	78.9906516675343	84.38736427305459
ENST00000610776.4	0.0	0.0	0.0	16.815610524874497	9.87383145844178	11.720467260146501
ENST00000611745.2	68.89093584475921	58.866299238119495	68.51498695071089	132.28280279568	121.17884062633101	141.817653847772
ENST00000614987.5	217.75870525642299	242.00589686782502	230.459501561482	460.74772838156196	513.439235838973	345.75378417432097
ENST00000615230.4	3.16739934918433	3.73754280876949	26.9907524351285	130.040721392363	101.431177709447	67.9787101088496
ENST00000616661.5	26.1310446307707	20.556485448232202	10.3810586288956	80.7149305193978	86.1716200009465	38.6775419584834
ENST00000617275.5	1586.86707394135	1537.06448010645	971.667087664627	3089.5881737702803	3094.09973065898	2140.15732170275
ENST00000617352.1	10.2940478848491	4.671928510961861	7.26674104022691	34.752261751407396	35.904841667061	46.8818690405859
ENST00000617424.1	100.56492933660299	102.782427241161	203.468749126354	266.80768699467603	251.333891669427	293.011681503662
ENST00000619109.1	88.6871817771613	95.307341623622	157.79209115921302	224.20814033166099	175.933724168599	223.860924668798
ENST00000619751.1	104.524178523083	115.863827071854	61.248245910484	196.182122790203	168.752755835187	172.29086872415297
ENST00000623667.2	2.37554951188825	5.606314213154239	4.15242345155824	13.4524884198996	15.2595577085009	31.6452616023955
ENST00000624112.1	7.91849837296083	13.081399830693199	11.4191644917852	29.147058243115897	26.9286312502958	49.2259624926152
ENST00000624916.1	2.37554951188825	9.34385702192373	7.26674104022691	31.3891396464325	37.7000837504141	26.957074698336896
ENST00000629357.1	6.33479869836867	11.2126284263085	4.15242345155824	25.783936138140998	25.133389166942703	30.4732148763808
ENST00000635852.1	3.16739934918433	1.86877140438475	2.07621172577912	7.84728491160812	12.566694583471401	22.268887794278303
ENST00000636231.2	0.0	0.9343857021923729	0.0	10.0893663149247	4.488105208382629	9.37637380811718
ENST00000636933.1	5.5429488610725794	6.54069991534661	8.30484690311647	28.026017541457602	34.109599583708	17.5807008902197
ENST00000637996.1	0.0	0.9343857021923729	6.2286351773373605	32.5101803480908	25.133389166942703	16.4086541642051
ENST00000644419.1	19.004396095106	16.8189426394627	25.952646572238997	65.0203606961816	51.164399375562	46.8818690405859
ENST00000646974.2	0.0	0.0	0.0	29.147058243115897	30.5191154170019	9.37637380811718
ENST00000647814.1	185.29286192728298	248.546596783171	201.39253740057399	1043.68889324388	974.8164512607069	443.03366243353696
ENST00000648484.1	0.0	0.0	0.0	25.783936138140998	20.645283958560103	14.064560712175801
ENST00000648566.1	218.550555093719	255.087296698518	297.936382649303	496.621030834628	534.982140839209	583.679269555295
ENST00000648824.1	1.5836996745921699	0.0	0.0	11.210407016583	7.18096833341221	21.0968410682637
ENST00000650910.1	24.547344956178602	26.162799661386398	41.5242345155824	146.856331917238	150.800335001656	59.774383026746996
ENST00000651047.1	0.7918498372960829	0.0	0.0	5.605203508291511	9.87383145844178	8.20432708210254
ENST00000651128.1	15.0451469086256	14.950171235078	29.0669641609077	130.040721392363	131.052672084773	94.93578480718651
ENST00000651323.1	117.19377591982	93.43857021923729	120.420280095189	172.64026805537898	190.295660835423	184.0113359843
ENST00000652019.1	0.0	0.0	0.0	52.688912977940205	51.164399375562	69.15075683486421
ENST00000652215.1	223.301654117495	227.055725632747	262.640783311058	467.473972591512	377.89845854581705	402.01202702302396
ENST00000654616.1	0.0	0.0	0.0	50.4468315746236	46.6762941671793	8.20432708210254
ENST00000655903.1	0.7918498372960829	0.0	1.03810586288956	39.236424558040596	26.0310102086192	12.892513986161099
ENST00000656002.1	0.7918498372960829	0.0	4.15242345155824	8.96832561326642	15.2595577085009	22.268887794278303
ENST00000656121.1	0.0	0.0	2.07621172577912	22.420814033166103	13.4643156251479	29.301168150366202
ENST00000657137.1	0.0	0.9343857021923729	5.1905293144478	14.5735291215579	13.4643156251479	19.924794342249
ENST00000658634.1	10.2940478848491	14.0157855328856	9.34295276600603	40.3574652596989	64.6287150007098	17.5807008902197
ENST00000658923.1	0.0	0.0	2.07621172577912	13.4524884198996	8.07858937508873	7.03228035608789
ENST00000658968.1	0.0	0.9343857021923729	0.0	21.2997733315078	20.645283958560103	9.37637380811718
ENST00000660086.1	0.0	0.9343857021923729	0.0	32.5101803480908	21.5429050002366	7.03228035608789
ENST00000660258.1	15.8369967459217	14.950171235078	13.495376217564301	43.7205873646738	62.833472917356794	19.924794342249
ENST00000661295.1	3.95924918648042	6.54069991534661	16.6096938062329	532.494333287694	484.71536250532404	166.43063509408
ENST00000662829.1	11.877747559441199	19.6220997460398	6.2286351773373605	73.988686309448	78.9906516675343	8.20432708210254
ENST00000663040.1	1.5836996745921699	3.73754280876949	0.0	19.0576919281912	15.2595577085009	9.37637380811718
ENST00000663418.1	6.33479869836867	8.409471319731361	10.3810586288956	42.5995466630155	29.6214943753253	52.7421026706592
ENST00000667589.1	7.12664853566475	5.606314213154239	7.26674104022691	20.1787326298495	24.235768125266198	49.2259624926152
ENST00000667880.1	6.33479869836867	0.9343857021923729	2.07621172577912	24.6628954364827	18.850041875207	8.20432708210254
ENST00000668039.1	0.7918498372960829	0.9343857021923729	1.03810586288956	21.2997733315078	30.5191154170019	29.301168150366202
ENST00000668174.1	23.7554951188825	19.6220997460398	23.876434846459897	90.80429683432249	96.0454514593882	29.301168150366202
ENST00000668402.1	3.16739934918433	0.0	6.2286351773373605	344.15949540909895	325.836438128579	178.151102354226
ENST00000668770.1	0.0	0.0	1.03810586288956	38.1153838563823	39.4953258337671	46.8818690405859
ENST00000671384.1	19.004396095106	29.9003424701559	33.219387612465894	132.28280279568	143.619366668244	43.365728862542
ENST00000673291.1	167.080315669474	152.304869457357	134.953762175643	1341.88571988499	1331.17200480629	288.323494599603
