Genes	EtoH-91418	PonA-91418
ENST00000046794.10	171.35089679809633	71.07883964014466
ENST00000167106.9	272.35499688989336	117.20522150430467
ENST00000174618.5	187.81130817814133	88.59325718304808
ENST00000178640.10	46.07101476095994	14.503137706083367
ENST00000202556.14	169.76356535523402	77.46398773976236
ENST00000205061.9	410.88216912947763	198.46104052640263
ENST00000215730.12	404.9661109243096	123.75947956013367
ENST00000215793.13	2653.1997293438903	640.578543252508
ENST00000216127.5	104.2268889177958	34.776387098794395
ENST00000216146.9	26.76952059948823	7.495538120115337
ENST00000216181.10	12513.49974193017	3353.3796714868804
ENST00000216268.6	1212.93248635027	479.1901563785527
ENST00000218104.6	1085.7711334388089	495.14735210208204
ENST00000221494.10	652.4743434226386	236.940858322516
ENST00000221922.11	28.831975361040833	10.472156031261518
ENST00000221930.6	1486.8215930315762	596.5784330971734
ENST00000222345.11	476.9646801762313	163.38643813521833
ENST00000222374.3	26.83337124493093	9.093866674760251
ENST00000223127.8	3667.3332613067773	1695.1428113082102
ENST00000227520.10	227.53935282074568	76.66507614550586
ENST00000233379.9	78.12279315223041	25.774270253266934
ENST00000238647.5	490.3289437396697	221.53919967543334
ENST00000240364.7	63.08151587893843	16.350940526325193
ENST00000244333.4	23.135086385738575	4.04940674522863
ENST00000244815.9	141.55597484053968	62.132062927502865
ENST00000246841.3	104.97720451244079	33.92692178540647
ENST00000248098.8	130.287984013596	35.2027619167638
ENST00000248244.5	31.257576855566736	8.56316501764267
ENST00000248668.4	51.85032125800523	19.46207138967443
ENST00000252674.9	980.4484989663147	409.69425486604433
ENST00000252699.7	1960.9310211765762	716.2709921915957
ENST00000253048.10	1241.7112619245968	493.745630035115
ENST00000253458.12	73.96728432216871	27.025086208124502
ENST00000254193.11	707.8689887064756	317.78234370943636
ENST00000254508.7	10611.715200699464	3848.3633396941136
ENST00000255087.10	119.18216863390789	33.6656215554959
ENST00000255198.3	38.22412444950263	15.9728662906821
ENST00000255882.11	2968.8741446022336	876.4349675344316
ENST00000256495.4	2320.310897789333	445.234577032603
ENST00000257548.10	127.84345049296803	45.619642736805105
ENST00000257700.7	812.6534888005302	368.150955125646
ENST00000258201.9	1140.623463333766	527.2646629949413
ENST00000258787.12	304.278833553361	142.6700207886653
ENST00000259351.10	76.49316373599504	29.993978444775035
ENST00000260327.9	124.72766038916491	50.712403248663
ENST00000261374.4	2183.74556696903	862.7776392960674
ENST00000261381.7	1550.0052693140833	541.5412537797616
ENST00000261609.12	984.6333128228683	325.5368600013087
ENST00000261772.12	4648.84745298889	1348.723740779218
ENST00000261776.10	616.0310165195509	278.9211024334633
ENST00000262426.6	306.02133617365865	131.31110885873667
ENST00000262577.6	164.81735712437901	60.8930080152935
ENST00000263579.5	392.0112134315961	168.055357106056
ENST00000264025.8	198.04227882532032	70.0601994488798
ENST00000264027.9	174.21180444161976	79.1629528272125
ENST00000265022.8	94.34776665488876	43.61305383346217
ENST00000265641.10	1627.872216834213	626.3622008582926
ENST00000265866.11	251.75819506314033	99.73363200603704
ENST00000267205.7	561.8931072432897	267.2689868508867
ENST00000269321.12	116.75730122133648	29.45257739174633
ENST00000271526.9	744.9824979086001	315.10196009465227
ENST00000271638.3	5685.520085872849	2496.918914069533
ENST00000274376.11	190.43873106176633	82.378035006909
ENST00000274811.9	630.9826115258517	175.74847398575568
ENST00000279392.8	289.2427431949447	129.20050371738066
ENST00000281589.4	154.65578540497	52.3781435799771
ENST00000282388.4	3533.6778770118567	1101.995017785034
ENST00000282572.5	72.81754212768082	31.2874926009374
ENST00000283148.11	42.241856457861196	12.1917344042579
ENST00000287878.9	34.041192247856	12.386684504236328
ENST00000291232.4	57.5887703423752	23.810379551228802
ENST00000291900.7	516.084875830775	206.293391850394
ENST00000294008.4	383.21989688495836	182.73652193291468
ENST00000294304.12	866.0784729278248	392.5929490072583
ENST00000296292.8	109.63348949019098	49.802500787499774
ENST00000296327.10	47.0624563576059	15.930478690512635
ENST00000297625.8	180.39458739812133	63.61205046354633
ENST00000297788.9	798.420293107347	348.3302008348157
ENST00000298351.5	194.27572074656896	76.3278224971633
ENST00000298912.9	513.5943634093127	244.327218268063
ENST00000300060.7	4902.784458905797	1239.5644165361891
ENST00000300093.9	2572.22028662974	793.5235068281423
ENST00000301011.9	57.81394633169264	14.332901181469426
ENST00000301019.9	1718.2776566359898	770.9648381278961
ENST00000301740.13	2325.2321347223137	1075.6387311024073
ENST00000303407.12	502.65438141284363	172.13651697720834
ENST00000303460.5	146.96452853042265	51.80249058474964
ENST00000305798.8	195.0308316298333	79.40278934363523
ENST00000305988.5	930.945479920411	396.47478234815327
ENST00000308027.7	48.30063039798961	19.18128444262007
ENST00000308521.10	58.00018664026023	14.052424835550402
ENST00000308595.10	7066.605118068426	3358.8666532597504
ENST00000311160.14	2660.670119734797	1050.3079169424884
ENST00000311604.7	30.666078197904437	8.776915710828654
ENST00000311915.12	44.00837364215573	12.368259433829584
ENST00000311956.9	2440.84869794883	658.527306967346
ENST00000312397.10	1135.7788756438702	550.709644702782
ENST00000314028.10	169.87093679193333	54.82443535680653
ENST00000314191.7	688.2176079696786	323.536119158457
ENST00000314393.6	279.57219072724365	119.04201432749967
ENST00000314888.10	7710.371969220289	2892.1894052767
ENST00000314940.7	3821.2689847179804	1232.6022207318467
ENST00000315579.10	7383.237388099146	2918.0036836946165
ENST00000315732.3	362.74324057221634	108.42020459617959
ENST00000316519.11	758.8635647035726	309.57338178064737
ENST00000318080.7	599.1281854345988	256.5162895520407
ENST00000318560.6	448.21712575173666	199.95322954956032
ENST00000319190.11	175.71498298806534	81.81895992907526
ENST00000319340.7	51.72616105229347	15.186777385810766
ENST00000321265.10	3432.2572163100235	1037.5169950035934
ENST00000322038.5	61.66699070355327	21.200074833077565
ENST00000322217.6	116.00783573007233	45.22936701404743
ENST00000322357.9	300.688518152886	123.47315515372367
ENST00000323853.10	8888.558258078338	3441.7092534592466
ENST00000324000.4	23.150663683918935	4.90403399517169
ENST00000324093.8	4496.309872572217	1511.5368764468167
ENST00000324288.13	61.755938888589945	8.787990629540657
ENST00000326495.10	327.957417071979	137.57681983234133
ENST00000326765.10	95.62927134692713	37.34909063053047
ENST00000327064.8	69.56588558704867	30.2622533035795
ENST00000327367.9	1192.5094179655352	331.51381267389405
ENST00000328024.11	99.82497762588564	42.459900689994235
ENST00000328557.5	787.6612141445943	329.027757956818
ENST00000331483.9	9913.16746649127	3844.21608492494
ENST00000331495.8	285.833007581635	92.68911735758995
ENST00000332598.7	4416.887575020074	1681.1735172843466
ENST00000333039.3	1039.0505475762993	298.1103033158927
ENST00000333407.11	120.3566746037497	45.692216450029434
ENST00000333598.7	178.70753710771297	73.23220790447071
ENST00000333676.8	157.22853277327366	67.66737019093183
ENST00000335099.8	47.58389990607057	16.64468000609577
ENST00000335312.7	241.02152939352632	100.64419013014515
ENST00000335953.9	314.256812086624	83.52408367815218
ENST00000335972.11	37.798897613673404	13.314636513005434
ENST00000336600.6	94.37925123313869	20.870611780896066
ENST00000336615.9	819.490942184605	302.60513515145095
ENST00000339157.10	220.337472023797	92.87117984651759
ENST00000339468.8	341.553048912074	125.06560518688559
ENST00000340381.11	341.30144032620336	135.95862903775233
ENST00000340913.10	55.58186123803434	24.511317732960332
ENST00000342456.11	202.731752370432	88.72185715309429
ENST00000342462.5	32.337450298108536	12.088534133512303
ENST00000342665.4	520.568913612802	143.72093992546834
ENST00000343905.5	528.0496943870137	229.02629553612564
ENST00000344293.6	167.80283663838068	72.15200399702799
ENST00000345097.8	1587.5300673157199	713.4157479343061
ENST00000345317.7	1907.1771818977802	904.745044263831
ENST00000349394.6	52.132821011822294	20.193636128927267
ENST00000350498.8	3243.4180776796698	1536.4056226607365
ENST00000352410.9	56.0919750522352	20.638811540104232
ENST00000356786.10	151.75210618154648	57.1417516407889
ENST00000357304.8	615.5325737685549	196.33967106747
ENST00000360066.6	74.6265046923365	30.781504519184235
ENST00000360184.10	7816.64294412972	3501.5174074595693
ENST00000361227.2	3673.5810505783434	898.9667704579252
ENST00000361428.3	3782.2888738022434	1107.4088419881527
ENST00000361441.5	1188.2405672339935	360.07669490623067
ENST00000361470.4	40.015409191501966	11.117819001772837
ENST00000361479.10	915.206575111757	440.518932491674
ENST00000361624.2	81076.21488933009	31851.84805932583
ENST00000361739.1	25833.588420849934	11278.222303017328
ENST00000361875.7	493.594593393147	214.81273209832898
ENST00000362079.2	126660.257779961	40153.0105299312
ENST00000369448.4	2723.1400529798834	777.7873081290081
ENST00000369886.8	310.2057089360027	107.5673900385752
ENST00000370028.7	37.68444400662687	12.09960905222426
ENST00000370345.8	283.0710571004907	128.69082532928462
ENST00000370351.9	60.74490530206313	25.994309451410597
ENST00000370355.3	24262.990694223332	10637.138765572907
ENST00000371219.2	29.78839129426324	8.191314365291738
ENST00000371316.3	63.1004516873914	22.834502482934198
ENST00000371835.8	188.68815254310334	81.47736031144467
ENST00000371941.4	4380.630704807033	2022.298734538607
ENST00000371975.9	110.54037030800366	29.737089105817933
ENST00000372271.4	653.162361171614	250.494955829143
ENST00000372397.6	178.59285819315164	58.782843318404105
ENST00000372409.8	931.1976018924342	393.07022260616895
ENST00000373016.4	524.969598304478	193.66749203200536
ENST00000373477.8	3238.16845611883	1080.4156467486507
ENST00000373656.4	97.06627341593867	40.9724980805905
ENST00000373795.7	2686.6686402533433	1038.3668867542547
ENST00000374466.4	2280.919870361297	889.9476312508547
ENST00000374695.8	296.30155475157636	128.27446378328997
ENST00000375071.4	875.080638586693	176.79736521174132
ENST00000375135.4	47.04105109252433	13.728123719924094
ENST00000376236.9	96.71590454262814	37.68665488000837
ENST00000376588.4	454.23549206485535	141.36755900694865
ENST00000376701.5	1450.7892466433502	561.9828011610999
ENST00000376771.9	295.71470019319435	108.22152972918364
ENST00000376957.7	1938.4686595379233	664.1797473055097
ENST00000378536.5	567.3389039718619	248.092894805813
ENST00000378555.8	556.2008033784942	251.490695137382
ENST00000381348.4	17.63791071035777	3.6226564044583767
ENST00000382348.2	390.630234408673	132.70084865675034
ENST00000382745.9	32.351070696450535	10.587868390256977
ENST00000389680.2	1780.0843441716304	593.902086403619
ENST00000394660.6	320.744463233844	124.0065159314383
ENST00000394818.8	233.549965652687	93.0834284485001
ENST00000395323.9	79.58754479236559	28.0912110144484
ENST00000395734.7	128.60369042909167	59.44208002390237
ENST00000395905.8	174.70932297105912	46.56308055523963
ENST00000396077.8	142.12765620080617	48.80484940458209
ENST00000397224.8	182.59043157517365	81.38448391380943
ENST00000397554.5	123.56551304951756	49.723573647652195
ENST00000398055.7	29.61433082334	9.166815910785447
ENST00000398411.5	64.9115575091371	26.902334298569567
ENST00000398475.5	64.0126479153153	24.41440596717244
ENST00000398665.8	1252.3286635691431	560.9336337946537
ENST00000399151.3	2037.9019821275333	908.520064403419
ENST00000401878.8	175.96772597360533	58.83145450186574
ENST00000403638.7	29.3835056596718	10.39883127243544
ENST00000404767.8	2662.1597171305566	1257.21726855485
ENST00000409415.7	107.54696986732615	38.7104570078284
ENST00000409790.6	295.73876883685733	133.0707872344229
ENST00000414656.1	47.384042981511506	16.083416713122432
ENST00000417456.1	54.7973663009958	21.998675826198735
ENST00000419735.7	34.853440538368666	14.503888751685102
ENST00000423345.5	552.627184546467	157.10755941041836
ENST00000426559.6	37.38888292622257	8.739314524413482
ENST00000430889.3	45.87591795710767	14.814551210659
ENST00000432264.4	41.4925697591472	17.894369392550768
ENST00000432825.7	1268.2047611801252	487.7003337824544
ENST00000433197.4	521.2932150109976	236.24423164939765
ENST00000437048.7	423.57181759946894	174.59894622696535
ENST00000442218.3	507.24215273411704	246.166199306398
ENST00000443940.6	69.88957651778087	20.163009571405965
ENST00000445551.1	51.536709640441394	18.315206751164165
ENST00000446489.1	256.62167878186034	110.04609060427333
ENST00000446840.6	110.84830136565466	27.3644976106154
ENST00000450304.1	19.155928690678337	4.494957679206464
ENST00000450671.1	222.556646980207	102.03940246584956
ENST00000450673.3	16.867591461065366	4.59262049059609
ENST00000454608.3	121.30903311265781	51.55407796588983
ENST00000456790.2	88.27485597727764	34.29436154680396
ENST00000458626.4	47.93907163270206	15.64962682179276
ENST00000464139.5	696.7303415151628	223.05262718609137
ENST00000468472.1	37.640228083678934	15.015414292794267
ENST00000480798.2	42594.244095528535	18949.433719202465
ENST00000500893.4	1387.10283618656	593.8238963021804
ENST00000501726.1	4753.09778900486	1720.10428517603
ENST00000502027.1	368.07565449292366	95.03846690764021
ENST00000502156.1	79.29977236105167	25.97513333540213
ENST00000511216.6	57.43205771221906	24.78034363736647
ENST00000516183.1	136.20385586151266	33.1283207922853
ENST00000516330.1	36.032007714875704	11.679833340347903
ENST00000520820.2	42.47109365384356	17.42523145161107
ENST00000528723.5	18.23896855969703	3.4092812340732532
ENST00000537616.1	375.658472084577	116.27508128039567
ENST00000537720.1	18.443441980325264	5.55007248848392
ENST00000539276.7	649.5134991887556	285.252067429589
ENST00000550948.1	153.15828741843765	48.353450410112934
ENST00000558334.1	94.57099330906921	20.681199140273666
ENST00000563328.4	243.634264032615	92.44330293734488
ENST00000565308.2	2810.4632247120667	1284.3237707115838
ENST00000565433.1	303.1694789473723	65.82175558582959
ENST00000570282.1	61.02950936270684	18.13133156989778
ENST00000577571.5	97.51522756648978	37.892679898698766
ENST00000577745.2	23.285268352601104	6.818562468146503
ENST00000579991.3	2533.9628602470434	979.6644422059113
ENST00000581067.1	72.80038442651566	20.717298235485426
ENST00000583400.7	285.6528197181197	90.12670723797281
ENST00000583412.1	332.293955474872	149.57955157945233
ENST00000592087.1	44.23514138150953	14.819713147214125
ENST00000593393.1	44.88624690304851	10.050567627046378
ENST00000602355.1	23.669633993404403	7.397875308725697
ENST00000606343.1	51.368849850922494	18.284645115308397
ENST00000607727.1	52.82334338533903	10.551018249443528
ENST00000610062.1	23.484612720369938	6.775799345176203
ENST00000611551.1	117.75686523131235	39.855819555135206
ENST00000612344.1	48.19293276175157	11.355907747522417
ENST00000612689.1	122.36590954008199	37.03948981829357
ENST00000612811.3	69.51477385100513	25.7853451719789
ENST00000614654.2	46.389945570985304	11.679457817547052
ENST00000616907.2	145.07609907188038	60.96452008178079
ENST00000617013.1	146.41814241405336	50.84760232480227
ENST00000618132.1	1432.8294162443196	534.0470919072017
ENST00000619168.4	226.1454598782237	100.1865026307183
ENST00000619208.6	26.344111188758035	4.22630729760116
ENST00000619449.2	17549.479745829132	3490.951392751253
ENST00000619640.3	131.57798005111695	57.45128753136024
ENST00000619918.1	67.83527933747104	18.0347953269107
ENST00000620173.4	67.48678568112133	11.544569342543113
ENST00000620791.1	137.78409756932658	31.073366384950564
ENST00000622933.1	98.94020098719604	43.535628784817995
ENST00000623196.1	134.44401296514934	36.421889667363025
ENST00000629952.2	44.710781039340475	15.259726621835966
ENST00000634965.2	36.88282653633613	11.935596110902466
ENST00000636584.1	214.48797057526698	58.39916670173949
ENST00000641304.1	147.59988174358136	55.63411126863971
ENST00000642113.1	20.83914686428703	5.294309717929344
ENST00000649368.1	184.40435196483898	60.7098838796288
ENST00000651671.1	1147.016982866029	487.663069658483
ENST00000652567.1	50.343636794298995	22.077913567181636
ENST00000652691.1	164.61362913275698	64.68890512677261
ENST00000654612.1	83.88991602928074	29.3376160783525
ENST00000655387.1	25.9903410725607	8.57461545915553
ENST00000656939.1	89.15128489512198	29.18392701014103
ENST00000662018.1	20.317516958570803	4.110594938605657
ENST00000662196.1	90.31888748716757	27.7868370604322
ENST00000666926.1	50.22917940490183	16.905980236006332
ENST00000667513.1	41.37830250935223	13.5700237607591
ENST00000669831.1	86.68430964878024	32.63597136718457
ENST00000009041.11	103.1885718019709	166.2194451717937
ENST00000053468.4	4317.369595538824	6853.857844762396
ENST00000054666.11	1824.71325222637	2836.0438464856766
ENST00000056233.4	630.7982853845083	1106.9297917106553
ENST00000164133.7	87.8825115477819	212.21250557381867
ENST00000193322.8	645.5303230196444	1275.5552968217198
ENST00000199320.9	205.059025280795	319.986296153885
ENST00000200135.8	1102.9625591578533	1722.15697044783
ENST00000205636.4	4336.864837147146	6693.070216890698
ENST00000206423.7	2.9182200609714	26.540807519328936
ENST00000211314.5	726.057071964402	1234.6155056770167
ENST00000216115.3	86.4087132727599	173.99693126804002
ENST00000218340.4	2664.7242162458865	4863.73937798925
ENST00000221114.8	213.75212926469501	402.985034876471
ENST00000221847.6	2.899470609770033	31.677768323695034
ENST00000222553.8	1072.1538593816738	3067.760458004767
ENST00000223095.5	19.530218800663835	47.37713289735197
ENST00000223273.7	53.46474230821287	111.88035015051933
ENST00000223324.3	1022.3074140879104	1649.8814815025169
ENST00000228434.7	1089.45512167972	1701.0035498168866
ENST00000229314.10	638.9237729971577	1015.0074633064223
ENST00000231512.5	1609.0861321559366	2857.856935828753
ENST00000231572.8	2111.3929592633935	3602.813178185006
ENST00000233143.6	9926.885007355248	20744.219221944935
ENST00000233468.5	7609.285396270435	12061.22346272903
ENST00000235290.7	738.5391519319064	1165.2721951171643
ENST00000238497.10	969.0597253556847	1597.0288188268835
ENST00000241052.5	7567.492277711536	12686.156896789433
ENST00000242057.9	72.46041350121091	158.33644074633102
ENST00000242208.5	0.900866493660132	26.0175209355716
ENST00000242719.4	1490.44590324342	2298.673078974267
ENST00000244496.6	2804.8663391779933	4703.241385307821
ENST00000245046.6	499.1267909496003	867.4762974892041
ENST00000245680.7	1394.6785791725667	2868.0758952740102
ENST00000246794.10	12.789367317536714	32.01276883523253
ENST00000249075.4	4.250327714613533	35.26395011014083
ENST00000250263.8	760.2498667013069	1518.2110240721702
ENST00000250360.7	2.411981096183933	52.75365407767976
ENST00000253247.9	2097.8064787325566	3312.9683384149334
ENST00000254301.14	188.45322722250697	300.46604075324035
ENST00000254810.8	2441.0988002498902	4428.43874932952
ENST00000254816.6	1.9278500928704334	19.552384049369294
ENST00000256104.5	3.602580703347133	317.74012441295486
ENST00000256544.8	744.8809809152559	1172.1332325687702
ENST00000256722.9	70.1269750773566	177.19171076332566
ENST00000258534.13	371.171324920653	706.022021383265
ENST00000259467.9	743.404713183605	1154.9374528384901
ENST00000260227.5	4.399438052931063	126.9363088901535
ENST00000260356.6	9.499699317711604	64.80273987176386
ENST00000260506.12	39.75575904581461	75.6276353610334
ENST00000260843.5	0.0	82.14435715211289
ENST00000261647.10	1358.2501268712667	2237.5976674079197
ENST00000261811.6	164.94329543737868	261.8545883436827
ENST00000261845.7	4215.108274188477	9848.07005813375
ENST00000261867.5	70.449078040403	121.08326515651667
ENST00000262193.7	7315.221059745116	13039.2619724505
ENST00000262932.5	363.14597916736733	759.181808516486
ENST00000262942.10	328.4869365188093	519.0359117472393
ENST00000263238.7	4796.994901298577	7539.300808531068
ENST00000263339.4	0.0	22.456052724490235
ENST00000263635.8	153.7784247008673	322.9069142695173
ENST00000263856.9	292.1683754081527	456.866998678923
ENST00000263960.6	431.83312135163237	780.4987567376356
ENST00000264192.8	118.09631225277549	253.93546436952636
ENST00000264255.8	427.0875468599047	930.4091840856421
ENST00000264433.11	1145.3440060100068	1827.9639290569733
ENST00000264717.7	1.1352365248524985	95.93097548414255
ENST00000264741.10	27.0014173917014	79.33872681118244
ENST00000264832.8	560.3170665844276	1158.800802633598
ENST00000264982.8	0.30512405443183466	38.159142065164495
ENST00000265026.8	7.102037533911461	34.990137791980366
ENST00000265138.4	336.95685279879297	722.8003314610914
ENST00000265361.8	10.005053011205673	434.99552011390733
ENST00000266712.11	596.5894272690863	987.1426613705403
ENST00000269081.8	0.0	47.04441998329389
ENST00000269187.10	291.612974042459	499.06231481645597
ENST00000269195.5	2695.7410319518635	4224.962943627704
ENST00000271277.11	63.40151453515826	106.48284016184454
ENST00000271588.9	2.4528385088592635	29.555777662491934
ENST00000272252.10	6.46879619228043	91.68487086826234
ENST00000273986.10	269.15907236372436	464.39729410736936
ENST00000275767.3	6.877929390788469	24.7733690084726
ENST00000276914.7	807.2178504124096	8951.792080065923
ENST00000276925.7	28.741586615306602	66.59601852638723
ENST00000278174.9	141.71324654245066	287.3876153719803
ENST00000278353.10	323.55295842291326	500.36587270558465
ENST00000278505.5	638.3718432101759	1143.35007590479
ENST00000279441.9	4.465948294604534	138.4318266047683
ENST00000279839.8	1126.6120575164166	1830.5716251305337
ENST00000279873.12	19.3887107541849	144.788631744661
ENST00000280096.5	19.149025312881573	127.53336067720308
ENST00000280097.5	26.13273439033303	283.84638892332765
ENST00000280612.9	1258.2169529940434	3480.439694145727
ENST00000282406.9	0.30512405443183466	45.9177931075291
ENST00000282878.6	79.63427290455616	317.251422834157
ENST00000283351.9	79.11936380173576	135.898256811642
ENST00000284425.7	0.0	41.1711080259207
ENST00000284669.2	5.319053997792557	65.6570260595804
ENST00000285735.6	15.956463079335867	45.721716439148196
ENST00000290541.7	6985.529548421193	11843.305659501666
ENST00000291294.7	0.5582435368255666	32.58032063316353
ENST00000295050.12	180.91374406485832	284.9958477607693
ENST00000295087.13	2023.9748431044034	3352.59430426463
ENST00000295304.5	222.03417075346064	469.57733263552433
ENST00000295633.8	6.718557164401567	31.37893182903483
ENST00000296181.9	265.972819268308	560.0750400979067
ENST00000296351.8	31.8676386071788	81.33211750233923
ENST00000296577.9	5278.52677759587	9045.68227819455
ENST00000297273.9	396.6135407198197	630.21935908418
ENST00000297770.10	4.8427116435692374	21.785676178614466
ENST00000298198.5	250.70975968388402	943.107578688397
ENST00000298545.4	6.818322526911763	21.4064753745688
ENST00000298746.5	916.1076899044302	1452.4783307421267
ENST00000299608.7	1567.1562249323804	2444.1546735470133
ENST00000299977.9	58.070614463961135	211.79510283456884
ENST00000301905.9	259.94589883858197	430.68487406075036
ENST00000302692.7	551.1227241933638	891.1438376649457
ENST00000303045.11	6.0674516428625624	104.4777228887137
ENST00000303115.8	5.367700059558067	793.1139451610624
ENST00000303142.11	115.19260164379	185.470770050689
ENST00000304043.10	780.5450817764513	1234.0927144518798
ENST00000304056.9	857.905185574438	1344.6440990146034
ENST00000304312.5	4072.129977129394	6359.712439553114
ENST00000304385.8	688.7274772672184	1255.5449351252635
ENST00000305366.8	0.0	123.45120008129591
ENST00000305783.13	205.12147431580334	331.80283066157534
ENST00000305786.7	2256.348609315823	3772.3216490509863
ENST00000306602.3	22.706687396888345	3423.229971479577
ENST00000306621.8	6.639315578030124	1938.47687155778
ENST00000307358.7	5.7324309778665965	20.004223488304834
ENST00000307851.9	6.099821492405893	124.54600890947133
ENST00000308942.4	4.350978348417142	18.05838233387257
ENST00000309033.5	368.73270483215373	687.0376904982755
ENST00000309166.8	1000.9340068652346	1797.925260968893
ENST00000309246.9	60.230361349044735	111.39907564413075
ENST00000309539.8	0.8113630192192981	56.0881733833891
ENST00000311832.5	766.6659832283691	1228.8190140198135
ENST00000311922.4	28.2977966855276	123.57232005631631
ENST00000314011.9	42.478695945682176	94.15590668144733
ENST00000315274.7	2107.6945705591866	21722.160542419264
ENST00000315567.13	439.16815869186394	825.7497437698103
ENST00000316149.8	563.9741678314059	1002.5793065516245
ENST00000316660.6	80.82399102277661	155.47751219052432
ENST00000317089.10	2272.6511831868634	3692.606340542923
ENST00000317702.10	133.36734306119067	246.24550196904633
ENST00000319074.6	233.07007464858899	374.60723976894997
ENST00000319357.6	2198.96170292766	5065.878421515886
ENST00000319942.8	631.8441152472001	982.0824354911992
ENST00000321394.12	194.288452091267	345.41815082225395
ENST00000321437.9	4411.257997453843	7672.029078823321
ENST00000321764.4	16.78410231077731	65.23803185429703
ENST00000322897.11	1145.4738656873867	1827.6163026291867
ENST00000324439.9	176.009468657574	289.56324930986904
ENST00000324868.13	498.6548711694939	852.9748081714528
ENST00000326474.4	575.2787647247574	970.2584819104641
ENST00000328379.5	489.176914663454	804.8562615668793
ENST00000329366.8	3.893199088143597	22.52825091491376
ENST00000329970.8	826.9720061283483	1334.97120363909
ENST00000330029.6	34.75544950079587	67.70459585454614
ENST00000330374.6	5255.827387159156	8107.168903918496
ENST00000331244.10	58.315945297264626	104.52380079522618
ENST00000332180.9	628.332070696575	1016.9063416657256
ENST00000332345.10	1.25799512013007	25.5966835769582
ENST00000333130.3	575.23950662682	926.1057663402136
ENST00000333151.4	3252.8442243649865	5657.630182924284
ENST00000333244.6	38.87187146076903	353.44159763587567
ENST00000333421.6	340.732239769617	669.685848727156
ENST00000333437.5	77.94149553927056	195.2017580541977
ENST00000333628.4	47.234373571439164	148.27492804390369
ENST00000333926.6	252.9945558283233	393.365317880013
ENST00000334077.6	6.88907655015123	54.57643272142184
ENST00000334082.11	164.01397289385167	323.10987418381865
ENST00000334678.8	1044.6318526246334	1692.6672463213265
ENST00000335890.3	4.083353196388039	19.822160999377168
ENST00000337908.5	14.094237956845504	144.6965408533019
ENST00000338379.5	3.3537050025193964	22.883554110862196
ENST00000339697.5	2390.97433617041	4209.47178428851
ENST00000339766.8	153.29574182295266	504.3290021592714
ENST00000339834.10	75.83235161579064	163.552834056676
ENST00000341864.6	567.0448994735813	983.8721536828098
ENST00000341893.8	504.0219921187866	814.2004389279859
ENST00000342649.9	194.344844069509	310.56963045470167
ENST00000343307.5	423.4944168915096	1205.7977175483566
ENST00000349533.10	8.698411829310102	31.361943928165967
ENST00000354480.2	228.09808131114968	503.7174652873103
ENST00000355619.10	1960.3026367679297	3071.489004244957
ENST00000356454.5	41.01375416594467	85.1843514717757
ENST00000356692.10	3672.3716547076197	6049.531781949714
ENST00000356736.5	6.230182379522069	47.641782371478996
ENST00000357430.8	378.17876509517663	746.44482845636
ENST00000357749.7	580.772224304765	927.9360718937729
ENST00000358671.9	2.750360271452505	63.59772568295773
ENST00000358747.10	21.1297652490835	46.72928171170103
ENST00000359172.3	3.420215244192867	39.95348236652484
ENST00000360314.7	3.223344115403233	20.584662897286602
ENST00000360803.9	5708.492629408021	8783.50694319044
ENST00000361131.5	198.1062844424523	346.9854468355854
ENST00000361203.7	41.1586207226962	89.98556071900272
ENST00000361575.4	2938.7524758797467	4743.01310999981
ENST00000361681.2	652.3910822354591	1793.0515549291533
ENST00000362003.9	310.67408384858567	511.74185791153036
ENST00000362032.6	1931.5458932106667	4835.87842465589
ENST00000362704.1	49.7445358447981	89.61637318693191
ENST00000362874.1	86.66043114471938	143.66019217655767
ENST00000363389.1	327.909449885745	551.1589893251261
ENST00000364805.1	160.78955714990366	296.3715223655794
ENST00000365493.1	71.15129908033613	119.52222718715166
ENST00000366553.2	487.8665573861854	766.4373498158557
ENST00000366654.5	152.04818738344235	256.202882597322
ENST00000366695.3	407.59193449319633	763.6067257594171
ENST00000366862.10	745.131332344694	1273.4897424008102
ENST00000366932.4	714.8561894011497	1221.7417495203733
ENST00000366956.10	31.367600323795738	73.6471322809273
ENST00000367145.4	203.18830881282202	337.4253165589617
ENST00000367351.4	40.00622271432814	169.68872310917564
ENST00000367460.4	961.2109371331643	2052.1418328941168
ENST00000367463.5	504.1985182639883	783.9636197843811
ENST00000367510.8	181.221015158731	340.6288973826717
ENST00000367660.4	1712.3024921818999	3312.5625175136033
ENST00000367808.8	115.40024343508848	197.51031747793866
ENST00000367943.5	837.5469623925322	1354.5666614125669
ENST00000367948.6	23.731015182218467	624.950893509701
ENST00000368149.3	682.1252489268244	1092.6414988136307
ENST00000368671.4	2.5202340218261354	244.2492369388133
ENST00000368814.8	417.60290471888203	746.9144272952481
ENST00000368845.6	201.26382101257468	321.091869299637
ENST00000368985.8	429.1059444525497	1398.9035358488438
ENST00000369489.10	51.819908308300306	122.13178085970134
ENST00000369709.3	221.3589965882587	380.5951679779077
ENST00000369722.8	1796.7237627979532	2975.821165242694
ENST00000369851.7	4156.27600009557	6426.176937765723
ENST00000370397.8	1399.4326926514998	2682.268524791313
ENST00000370459.7	37.03245321379446	108.30155297644257
ENST00000370466.4	47.55559126319216	234.50773429688095
ENST00000370500.10	876.9915906244637	1485.6125949775603
ENST00000370747.9	14.637975824035701	124.35991505207407
ENST00000370783.8	309.1753743912206	582.8116950119639
ENST00000370944.9	113.36926946943531	193.33747269921864
ENST00000370952.4	1389.9284652559334	2242.6039474088034
ENST00000370982.4	633.765760876315	1298.9509712146498
ENST00000371419.7	1056.4566493806876	1797.8566797087133
ENST00000371437.5	4059.4078265322773	6392.6618863579
ENST00000371443.6	882.8593996006238	1401.4714409677765
ENST00000371648.4	19.570190942045766	46.504896544269435
ENST00000371795.5	19.165301525103732	161.36884323451184
ENST00000372014.5	2583.331695977357	4237.899659746497
ENST00000372037.7	343.5487413505903	630.679644782222
ENST00000372102.3	697.2794659576549	1258.3317344119966
ENST00000373044.3	689.6780928367516	1270.0249607295302
ENST00000373212.6	4768.245297941184	8020.9217564145265
ENST00000373620.7	34.12645194073084	104.68737329208177
ENST00000373943.9	710.4229677118257	1324.5110198692735
ENST00000373960.4	1.0644825016130313	39.658305717216344
ENST00000374050.4	2349.291057311013	3719.401595052163
ENST00000374148.1	24.813548220991066	104.5126954155229
ENST00000374151.7	4.995180492159357	25.3463933440941
ENST00000374514.8	122.58595647653999	193.55153399354
ENST00000374692.8	66.31372027197686	135.53857718541437
ENST00000375078.4	19.339179421126	54.365996811778
ENST00000375991.9	172.03757949011265	371.9723168580913
ENST00000376350.8	24.400870154958834	61.2202828523354
ENST00000376736.6	864.1829147839711	1489.76821417531
ENST00000376755.1	43.422376751856035	104.44562470098036
ENST00000377443.7	1.4403605792843337	62.29194511801534
ENST00000377459.2	9733.2800973184	15851.6741543872
ENST00000377603.5	445.55893611565665	766.089242475106
ENST00000377673.10	637.8695913338773	1117.1012296335673
ENST00000378578.9	636.460400480356	1114.52399537506
ENST00000378588.5	239.311035255321	768.1130160358534
ENST00000379253.7	69.20628750395014	117.78090896020626
ENST00000379341.9	1124.8918378677934	2200.20320700137
ENST00000379359.4	606.5525436743703	953.8638099889477
ENST00000380615.8	186.57598387359067	384.22117362658264
ENST00000380872.9	0.8301124704206636	41.952786039838536
ENST00000381151.5	1185.9231831998034	2679.7016392975397
ENST00000381801.5	2360.83761488295	4028.0931576447106
ENST00000381938.4	12.513254602375634	59.244631107649106
ENST00000381967.9	1481.7159448941	2435.8184309734297
ENST00000384107.1	42.124226915442996	79.4378917137755
ENST00000384339.1	54.28706612954334	104.22496430056619
ENST00000384675.1	60.599336048919234	138.48053317088667
ENST00000388090.1	174.5459322706213	275.64878205339465
ENST00000389567.9	112.92973088592373	422.23741139459395
ENST00000391911.5	9.755292039084523	25.4451827238863
ENST00000392583.6	11.463277770397989	54.71604268851457
ENST00000392647.7	410.8153754208797	654.8471097607463
ENST00000392872.8	470.39070988400726	750.5117793830623
ENST00000393310.5	7.46695480947157	65.77755529332143
ENST00000393567.7	6.800458347003803	34.67393787365043
ENST00000393743.8	253.58339867210535	516.1895806548304
ENST00000393820.2	890.8771779325903	1540.5367615250732
ENST00000394323.3	7.2913063708625065	98.65849465249255
ENST00000394485.5	89.62216443224645	215.83919734642936
ENST00000394833.6	9.614669263898996	33.3921847601363
ENST00000394884.7	15.818499900381132	38.61833165579477
ENST00000395297.6	53.646408853325305	189.31515250198152
ENST00000396184.7	0.6477470112664	61.549435303381536
ENST00000396776.6	7.861582338344236	36.556402619566136
ENST00000400256.5	45.891122540784835	99.33591074892804
ENST00000400282.6	92.44062291305794	169.61690044155299
ENST00000400485.6	1584.3980210382033	2601.569199102233
ENST00000404377.3	1.1352365248524985	21.6014254745472
ENST00000407997.4	162.33761914777668	299.5069263598263
ENST00000409085.9	846.1010629544934	1533.6169377606366
ENST00000409223.2	18.6251085254377	67.1871573312801
ENST00000409600.6	471.71669475677163	925.8131149684906
ENST00000409682.8	5147.756499675023	9337.410750219131
ENST00000415237.1	106.2697127392043	309.6274735011657
ENST00000417314.2	322.6367361562373	599.128318674425
ENST00000418460.2	707.7814156554192	1138.2733754900812
ENST00000422989.5	653.7149944843519	1016.564267142955
ENST00000426126.6	648.0312133506013	1044.4690392381965
ENST00000427358.3	134.77711189821966	214.50770648105103
ENST00000429530.1	15.027656874949969	135.52418348347734
ENST00000430046.7	31.454447984356403	66.95983290310723
ENST00000431388.3	195.4342767037273	344.7687935457166
ENST00000433230.1	0.0	53.61532087818224
ENST00000434319.6	143.99855902603065	377.83070728577064
ENST00000434344.2	2.5909880450656035	18.9192331671078
ENST00000437601.2	7.727676583703894	31.373018846878
ENST00000440804.7	0.900866493660132	26.6694724110407
ENST00000441882.1	3.9793440523118346	22.1394772833595
ENST00000442417.5	112.7993662164567	191.42363035018033
ENST00000443631.1	43.961684480228634	86.47717950400182
ENST00000444122.2	308.033929620263	503.2355655789681
ENST00000444129.7	430.1214433458063	697.7118666410661
ENST00000447139.1	5.256088623643266	23.004428406412867
ENST00000447944.7	2059.3174582337165	3285.904686747857
ENST00000449457.1	13.061236251131811	71.7425521582619
ENST00000449768.2	38.10491072174927	169.8634699070827
ENST00000450443.1	76.50132131723797	158.61335662923764
ENST00000452357.6	4.5333438075714065	47.37942049483136
ENST00000455827.2	241.98359828345033	781.684314670289
ENST00000456414.2	10.86151722466631	35.2528751914288
ENST00000456917.1	250.5631263668963	416.81776557568736
ENST00000459299.1	187.87236694976733	395.0969983577843
ENST00000463407.5	311.8067072921713	504.4350423084177
ENST00000465995.6	180.635161893069	311.126827918531
ENST00000467148.1	98.31950463301126	209.5198635496209
ENST00000468148.6	44.710082125298634	83.45742294708452
ENST00000469435.1	119.49245690911177	238.13570894253402
ENST00000470357.1	69.88765856820586	147.43031406593533
ENST00000471115.6	381.488448096701	590.5865829095954
ENST00000471867.3	132.29596096413135	246.416489539262
ENST00000473414.6	1179.1823555375365	2087.2650404609362
ENST00000474629.7	884.3359618488577	1661.8051362514334
ENST00000484980.5	90.1784510692335	154.56244779280567
ENST00000489637.3	58.764347940762235	110.14494490573122
ENST00000491306.6	325.7666667798737	504.4934555450593
ENST00000493763.6	822.0107872357684	1277.7904481030266
ENST00000495461.6	72.67603408120189	125.68696056582466
ENST00000496166.6	740.7883871620284	1295.0549024679967
ENST00000503004.5	39.8231545587815	79.32915398367383
ENST00000505522.6	281.1833968918166	479.43579004099337
ENST00000505747.6	397.24644829721063	640.1001610920704
ENST00000507579.1	7.343310942900607	29.151863283081898
ENST00000507644.2	2.3744821937812035	27.878211366864132
ENST00000508296.5	28.887338443351535	66.29020740283318
ENST00000512733.5	444.03316843650964	850.3098229830449
ENST00000514265.1	0.5769929880269323	21.86491391959737
ENST00000515425.6	0.32387350563320033	50.8977155994673
ENST00000519476.6	34.65144035671967	66.20909204784597
ENST00000523505.2	150.39608107358	269.08854609374333
ENST00000523917.5	200.524648794942	377.843406139651
ENST00000524717.6	26.5684056891326	97.00573731488596
ENST00000526049.6	329.26453186040163	635.3660530203771
ENST00000527958.6	2411.6251890140134	3971.856603426797
ENST00000530049.1	8.932781860502466	24.852606749455532
ENST00000535540.1	15.800449363221565	37.7821294762584
ENST00000536681.8	247.62597427982234	728.5194894360184
ENST00000538183.7	2818.5550807070267	4601.6417610997005
ENST00000539281.5	44.674171190581696	162.3785967222045
ENST00000549278.2	0.253119482393732	23.253902672009733
ENST00000550263.2	14.05496472950538	49.49881295741974
ENST00000551589.5	24.7963829551249	51.44390306625033
ENST00000558607.1	12.007900908881567	50.559840748854064
ENST00000561559.1	28.037591250436105	56.56093670900626
ENST00000563103.1	17.334743555764284	46.74185872161647
ENST00000567032.5	2.482735119423402	33.168485716640866
ENST00000570080.1	28.877262912533737	94.81445726300946
ENST00000572856.1	1.7829835361188981	22.681939983125265
ENST00000573584.6	1994.4304354100666	3119.1926729327965
ENST00000577988.2	298.900297107183	742.5714209210893
ENST00000578049.4	2702.13238848592	7988.297562560394
ENST00000579458.1	3.1005855201256636	36.2321015039398
ENST00000581589.5	4.28446810674367	18.015619210902265
ENST00000589913.6	57.45859203016007	135.616718818986
ENST00000590474.7	5.020833321157504	17.198968670175233
ENST00000595962.6	364.89397220797565	641.3901961606852
ENST00000602172.1	490.36508754660264	1082.8422261438848
ENST00000604982.2	65.0014336980811	110.34837172580667
ENST00000606577.1	198.52726749671533	358.052285680953
ENST00000606796.1	10.953493938086332	74.25112823587973
ENST00000606831.1	8.624299295798034	85.62921628181732
ENST00000607520.1	165.62005378791562	278.78343500204033
ENST00000607746.1	0.9341216144968704	38.08612790747373
ENST00000613854.1	2762.2084956117797	4494.652616890084
ENST00000614247.1	3736.970167533047	5824.90424354705
ENST00000615230.4	2.88496494013466	104.12392178396858
ENST00000615868.1	3329.278553439957	5199.910291213967
ENST00000615966.1	5946.744821647753	10747.408935573927
ENST00000617352.1	12.62239279931123	40.88809840305246
ENST00000617633.5	176.57377303351666	356.967977484009
ENST00000617802.1	43.421305123311036	90.70317620046758
ENST00000618958.1	557.769929312508	1098.9590743771912
ENST00000620438.1	1028.5984034550884	2147.1679580087334
ENST00000621400.4	21.420569991131533	46.32133196413833
ENST00000623667.2	3.9230956987077406	21.005875778700865
ENST00000624070.1	12.79627069533352	38.75687997615043
ENST00000624112.1	5.16994365947503	36.64374155784543
ENST00000624916.1	10.495901035064387	33.391433714534564
ENST00000629357.1	9.934298987966203	28.311625735392898
ENST00000629969.1	248.94752901376933	908.2845674099932
ENST00000631211.1	32.22919737246634	77.2439485416187
ENST00000637996.1	0.32387350563320033	25.7488705539663
ENST00000646974.2	2.0318592369466364	23.992066517355592
ENST00000647814.1	110.72292212440966	855.6228459108884
ENST00000648566.1	278.9566234259183	561.8037773152533
ENST00000651128.1	14.635502585056534	123.78829342531628
ENST00000652019.1	0.32387350563320033	60.18547072746893
ENST00000652215.1	259.3901247583853	433.87633877249397
ENST00000654616.1	0.30512405443183466	36.59728812853215
ENST00000656121.1	0.6477470112664	22.688604010883832
ENST00000660086.1	0.5062389647874633	21.23511228155227
ENST00000660814.1	21.0123220639169	57.75541580590664
ENST00000661242.1	3.6699762163140073	21.743664101245866
ENST00000661295.1	37.9165309384422	411.376991097593
ENST00000662378.1	3.182486702727907	23.531405296513167
ENST00000668770.1	0.253119482393732	43.303077498424464
ENST00000673291.1	236.93762847243534	1028.9697622313038
